ID,age,income,education,gender,married,children,date_min,date_max,amount,frequency
1,52,<25,Post-graduate,Male,No,0,7/24/2004,9/4/2006,485,5
2,32,<25,College,Female,No,0,11/5/2004,11/10/2005,350,4
3,35,25-49,Post-graduate,Female,No,1,5/15/2005,6/4/2005,233,2
4,50,75+,High school,Male,Yes,2,5/7/2004,8/18/2006,936,7
5,43,75+,Post-graduate,Female,No,2,5/17/2004,7/7/2006,359,NA
6,49,75+,High school,Female,Yes,2,12/30/2005,7/16/2006,249,3
7,38,75+,Some college,Female,No,,6/27/2004,2/15/2006,1089,7
8,29,75+,College,Female,No,2,6/14/2004,8/21/2006,423,4
9,22,<25,Some college,Female,Yes,0,9/2/2004,8/31/2006,689,7
10,46,75+,College,Female,Yes,2,6/4/2004,10/13/2005,325,3
11,43,<25,Some college,Female,No,0,4/20/2004,12/22/2006,431,4
12,36,25-49,Some college,Female,Yes,1,4/26/2005,9/24/2006,596,7
13,42,75+,Some high school or less,Female,Yes,2,4/24/2004,10/12/2006,519,5
14,34,25-49,Some high school or less,Female,NA,NA, , , , 
15,69,50-74,Post-graduate,NA,Yes,2,11/5/2004,7/3/2006,845,8
16,48,<25,College,Male,No,0,4/12/2004,2/23/2006,1008,9
17,56,50-74,Some high school or less,Female,Yes,0,5/6/2005,5/6/2005,89,1
18,25,50-74,Post-graduate,Female,No,1,3/24/2004,8/5/2006,770,8
19,27,25-49,High school,Male,No,0,10/19/2004,11/22/2005,504,4
20,49,50-74,High school,Female,No,2,4/16/2004,5/14/2006,388,3
21,57,75+,High school,Female,Yes,0,5/1/2004,11/19/2006,665,6
22,43,75+,Some high school or less,Female,Yes,2,5/27/2004,6/17/2006,854,6
23,42,50-74,High school,Male,No,0,6/25/2004,10/2/2005,413,5
24,55,50-74,High school,Male,No,1,10/5/2004,8/5/2006,433,4
25,43,50-74,Some high school or less,Female,Yes,2,4/9/2004,6/14/2006,243,3
26,38,25-49,High school,Female,No,0,2/27/2004,2/18/2006,805,6
27,65,75+,Post-graduate,Female,Yes,2,11/6/2005,11/12/2005,253,2
28,59,25-49,Some high school or less,Male,Yes,3,6/24/2004,6/4/2006,341,5
29,46,75+,College,Male,Yes,2,8/8/2006,8/24/2006,121,2
30,38,50-74,Some high school or less,Male,No,0,4/29/2004,6/6/2006,583,5
31,47,75+,Post-graduate,Female,No,1,4/1/2004,10/7/2006,965,8
32,41,<25,College,Male,No,0,7/12/2004,7/3/2005,324,NA
33,36,<25,Post-graduate,Male,Yes,1,4/5/2004,6/8/2006,528,5
34,27,<25,College,Female,Yes,0,5/7/2004,6/28/2006,788,9
35,23,<25,High school,Male,No,0,3/5/2004,10/25/2006,552,4
36,57,75+,Some college,Male,Yes,3,7/28/2004,8/29/2006,182,4
37,44,75+,High school,Female,Yes,3,1/22/2005,10/29/2006,466,6
38,60,75+,Post-graduate,Male,Yes,2,3/6/2004,7/4/2005,300,4
39,43,75+,College,Male,No,0,7/19/2004,12/17/2005,518,6
40,29,25-49,College,Male,No,1,12/9/2004,12/20/2006,627,6
41,14,<25,Some college,Female,No,0,1/20/2004,10/31/2005,665,5
42,29,25-49,Post-graduate,Female,No,0,12/5/2004,9/16/2006,424,5
43,68,75+,High school,Female,No,3,3/27/2004,7/23/2005,323,5
44,39,<25,Some college,Male,No,0,6/8/2005,8/13/2006,340,3
45,55,75+,Some high school or less,Male,Yes,0,5/21/2004,2/23/2005,287,3
46,52,25-49,Some college,Male,Yes,3,7/23/2004,2/17/2006,836,6
47,57,50-74,Some high school or less,Male,No,1,2/24/2004,8/27/2006,927,9
48,45,75+,High school,Female,Yes,2,4/23/2004,1/10/2005,277,2
49,50,50-74,Some high school or less,Male,No,0,5/8/2004,12/18/2006,839,8
50,44,75+,Post-graduate,Female,No,0,11/14/2004,5/18/2006,712,6
51,19,25-49,High school,Male,No,0,3/24/2004,9/6/2004,237,2
52,60,75+,College,Female,No,0,5/28/2004,8/30/2005,401,4
53,NA,75+,Some high school or less,Female,Yes,2,5/29/2005,10/21/2006,319,6
54,38,25-49,Some high school or less,Female,Yes,2,6/28/2004,6/4/2006,669,7
55,70,75+,High school,Male,Yes,2,7/11/2005,12/7/2005,491,4
56,55,75+,High school,Female,Yes,2,6/12/2004,9/20/2006,431,6
57,17,25-49,High school,Male,No,0,4/4/2004,1/9/2006,719,7
58,56,75+,Some high school or less,Male,Yes,2,5/29/2004,8/1/2006,732,8
59,28,50-74,High school,Male,No,0,9/10/2004,2/7/2006,434,5
60,57,75+,Post-graduate,Female,Yes,2,10/9/2004,4/23/2006,526,8
61,48,75+,College,Female,Yes,2,2/13/2004,11/10/2005,420,3
62,52,75+,College,Male,Yes,0,6/30/2004,1/7/2005,294,3
63,50,50-74,Post-graduate,Male,Yes,2,5/27/2004,11/21/2006,471,5
64,65,75+,College,Male,No,0,1/13/2004,8/14/2005,222,4
65,52,75+,High school,Female,No,2,5/16/2004,6/6/2005,531,6
66,24,25-49,Some college,Female,No,0,2/29/2004,5/9/2005,338,4
67,51,75+,High school,Male,No,0,7/27/2004,6/3/2005,191,2
68,45,50-74,Some high school or less,Female,Yes,2,6/5/2004,3/24/2006,480,5
69,38,25-49,Some high school or less,Female,Yes,1,5/31/2005,9/24/2006,424,2
70,62,50-74,Post-graduate,Female,No,1,6/3/2004,8/3/2005,297,2
71,47,<25,Post-graduate,Male,No,0,10/24/2004,8/12/2005,295,3
72,32,<25,Some college,Male,No,0,6/11/2004,3/30/2006,450,5
73,48,75+,Some college,Male,Yes,0,4/25/2004,1/21/2006,870,9
74,46,<25,College,Female,No,0,4/30/2004,7/18/2006,420,6
75,47,25-49,High school,Female,No,1,4/26/2004,9/19/2006,303,6
76,46,75+,College,Male,No,0,4/18/2004,5/16/2006,128,3
77,52,50-74,College,Female,Yes,2,6/9/2004,9/21/2006,587,6
78,24,75+,Some college,Female,No,2,3/14/2004,8/17/2006,548,5
79,43,25-49,Post-graduate,Female,Yes,2,8/17/2004,8/24/2006,567,6
80,37,50-74,High school,Female,Yes,1,2/25/2004,10/27/2006,513,7
81,41,75+,Post-graduate,Male,Yes,2,4/22/2005,5/10/2005,165,2
82,58,75+,Post-graduate,Male,Yes,0,9/25/2004,8/3/2005,792,7
83,40,<25,College,Female,Yes,0,7/1/2005,12/17/2005,416,4
84,41,<25,College,Male,No,0,9/11/2004,3/22/2006,652,5
85,57,75+,Post-graduate,Female,Yes,2,4/6/2004,9/27/2006,586,5
86,35,25-49,Some high school or less,Male,No,0,3/24/2004,6/14/2006,111,3
87,35,25-49,High school,Male,No,1,2/8/2005,12/23/2006,540,6
88,38,25-49,Some high school or less,Female,No,1,4/7/2004,3/12/2006,665,8
89,49,50-74,College,Male,No,0,9/8/2004,6/2/2006,558,5
90,42,50-74,College,Male,No,0,2/29/2004,11/26/2005,540,6
91,49,25-49,Some high school or less,Female,No,1,8/4/2005,9/7/2005,62,2
92,18,<25,College,Female,No,0,8/2/2004,4/30/2006,235,5
93,49,75+,Post-graduate,Male,Yes,2,5/6/2005,9/23/2006,283,5
94,35,<25,Some college,Female,No,0,1/20/2004,9/25/2005,625,7
95,46,75+,Some college,Female,Yes,0,3/8/2004,1/19/2006,760,8
96,33,<25,High school,Female,Yes,1,5/25/2004,7/13/2006,236,5
97,45,75+,College,Male,Yes,2,4/13/2004,5/20/2006,317,4
98,37,50-74,Some high school or less,Female,Yes,0,3/21/2005,12/4/2005,402,5
99,47,75+,Some high school or less,Male,Yes,0,7/5/2005,5/6/2006,152,3
100,34,75+,High school,Male,Yes,2,12/28/2004,4/24/2006,172,2
101,60,25-49,High school,Female,Yes,0,5/30/2004,8/25/2006,952,8
102,52,25-49,Some college,Male,Yes,0,10/5/2004,5/27/2005,198,2
103,64,25-49,Post-graduate,Female,Yes,2,8/2/2005,8/2/2005,102,1
104,48,75+,Some college,Female,Yes,2,1/9/2004,8/31/2004,476,7
105,39,50-74,Some high school or less,Female,No,1,3/10/2004,8/17/2006,774,7
106,47,75+,Some college,Female,No,1,3/29/2005,11/13/2006,819,8
107,36,75+,High school,Male,Yes,1,4/22/2004,5/9/2006,556,5
108,63,75+,High school,Male,Yes,,4/14/2005,8/28/2006,353,5
109,58,75+,Some college,Female,Yes,2,8/10/2004,8/23/2006,720,7
110,37,25-49,High school,Female,No,0,8/16/2004,6/20/2006,405,4
111,18,25-49,High school,Male,No,0,8/29/2005,5/1/2006,242,4
112,55,50-74,High school,Female,No,1,9/21/2004,9/20/2006,123,3
113,45,25-49,College,Female,Yes,0,4/11/2004,9/8/2005,700,7
114,27,25-49,Post-graduate,Male,No,0,3/13/2005,7/4/2006,618,5
115,51,<25,Some high school or less,Female,No,0,5/21/2005,9/8/2006,265,4
116,35,<25,College,Male,No,0,1/11/2005,4/11/2006,332,5
117,41,<25,Some high school or less,Female,No,0,8/28/2004,6/15/2005,409,4
118,39,25-49,High school,Female,No,1,2/9/2004,9/19/2006,348,5
119,56,25-49,College,Female,Yes,0,10/18/2004,11/27/2006,874,5
120,50,50-74,Some high school or less,Male,No,2,6/28/2004,12/20/2005,607,7
121,53,75+,Some college,Female,No,0,7/8/2004,3/8/2006,815,7
122,57,50-74,Some college,Male,Yes,3,6/20/2005,6/20/2005,172,1
123,31,25-49,College,Female,No,0,3/14/2004,8/15/2006,839,7
124,51,25-49,Some college,Female,No,1,2/20/2004,7/16/2006,595,10
125,41,75+,Some high school or less,Male,No,0,9/10/2004,10/5/2006,798,6
126,50,25-49,High school,Female,Yes,2,7/11/2004,4/30/2006,697,5
127,42,25-49,Post-graduate,Male,No,1,6/12/2004,6/12/2004,190,1
128,56,75+,Some high school or less,Female,Yes,2,5/20/2005,8/4/2006,522,6
129,47,25-49,Some college,Female,Yes,0,1/20/2004,1/5/2006,469,7
130,32,<25,Some high school or less,Female,No,0,3/7/2004,4/8/2006,859,9
131,62,75+,College,Female,Yes,0,1/15/2004,10/9/2006,531,7
132,53,50-74,High school,Male,Yes,3,5/12/2004,7/22/2005,430,4
133,20,75+,Post-graduate,Female,No,3,2/12/2005,2/12/2005,104,1
134,17,25-49,Post-graduate,Male,No,0,4/8/2004,12/3/2005,333,4
135,56,75+,College,Female,Yes,2,6/3/2004,11/12/2005,368,6
136,35,50-74,Post-graduate,Female,No,0,4/8/2004,7/10/2006,591,7
137,53,25-49,Some high school or less,Female,Yes,2,2/16/2005,7/2/2006,473,4
138,27,<25,Some high school or less,Female,No,0,4/21/2004,6/23/2006,598,8
139,47,75+,College,Male,Yes,2,10/21/2005,2/17/2006,91,2
140,45,75+,Some high school or less,Female,No,2,4/17/2004,7/18/2005,363,3
141,54,75+,College,Female,Yes,2,5/12/2004,12/9/2005,547,6
142,31,75+,Post-graduate,Female,No,0,2/3/2004,6/16/2006,900,10
143,52,50-74,Some college,Male,Yes,2,12/15/2004,9/30/2005,268,3
144,24,25-49,Post-graduate,Male,No,0,5/10/2004,4/27/2005,455,3
145,35,25-49,College,Female,No,0,5/17/2004,7/30/2006,626,7
146,51,75+,High school,Female,Yes,2,5/26/2004,9/21/2006,479,5
147,34,75+,Some college,Female,No,0,2/7/2005,4/10/2006,510,6
148,42,<25,Some college,Female,No,0,3/10/2005,7/7/2006,199,2
149,40,75+,Post-graduate,Male,No,0,2/9/2005,7/3/2006,419,5
150,32,<25,High school,Female,No,0,4/17/2005,7/23/2005,293,3
151,46,25-49,Some high school or less,Female,Yes,2,5/6/2006,5/6/2006,175,1
152,50,75+,College,Male,Yes,2,8/20/2004,3/11/2006,413,3
153,44,25-49,High school,Male,Yes,2,2/21/2004,3/8/2005,468,4
154,47,75+,Post-graduate,Female,No,4,7/16/2004,9/12/2005,392,5
155,52,25-49,College,Male,Yes,2,2/14/2004,11/18/2006,438,3
156,48,75+,High school,Female,No,1,5/25/2004,4/12/2006,476,5
157,54,75+,Some high school or less,Female,Yes,2,7/16/2004,11/29/2005,4300,9
158,40,25-49,High school,Female,Yes,1,8/5/2004,12/21/2005,188,3
159,51,50-74,High school,Female,No,1,11/27/2004,8/9/2006,613,7
160,46,25-49,Some high school or less,Male,Yes,3,11/22/2004,5/4/2006,249,3
161,35,<25,Some high school or less,Male,No,0,4/7/2004,3/20/2006,527,4
162,37,25-49,College,Male,No,0,6/13/2004,7/12/2006,381,4
163,51,75+,Post-graduate,Female,Yes,2, , , , 
164,62,75+,College,Male,Yes,2,8/8/2004,7/9/2006,536,8
165,23,50-74,High school,Female,No,1,3/9/2004,6/21/2006,512,6
166,20,25-49,High school,Female,No,0,6/6/2004,9/6/2006,888,7
167,39,75+,College,Female,Yes,0,4/19/2004,4/15/2006,1065,12
168,45,75+,College,Female,No,3,6/18/2004,7/11/2006,260,3
169,50,75+,Post-graduate,Female,Yes,0,3/22/2004,8/18/2006,650,7
170,42,25-49,Post-graduate,Female,No,0,8/29/2004,11/6/2006,958,7
171,53,75+,Some high school or less,Female,Yes,2,5/11/2005,5/11/2005,86,1
172,48,50-74,Some high school or less,Female,Yes,2,7/7/2004,8/19/2006,581,6
173,25,25-49,Post-graduate,Female,No,0,5/29/2004,9/30/2006,332,5
174,38,25-49,Some college,Male,Yes,1,8/15/2004,8/27/2006,149,2
175,45,25-49,High school,Female,Yes,2,8/7/2004,7/5/2006,286,3
176,28,25-49,Post-graduate,Male,No,1,1/21/2004,9/27/2006,596,7
177,38,75+,Post-graduate,Male,Yes,0,5/21/2004,10/28/2006,433,6
178,34,25-49,Some college,Male,No,0,3/6/2004,7/31/2006,867,8
179,43,50-74,Some college,Male,Yes,2,3/8/2004,8/27/2005,826,7
180,37,75+,Some high school or less,Male,No,0,1/2/2005,11/26/2006,960,8
181,46,75+,Post-graduate,Female,No,1,3/15/2004,8/19/2005,559,5
182,44,75+,Some college,Female,Yes,2,12/2/2004,5/10/2006,326,4
183,35,<25,College,Male,No,0,10/8/2004,7/14/2005,210,4
184,56,75+,High school,Male,Yes,3,6/15/2004,10/28/2006,960,9
185,15,<25,Some college,Male,No,0,5/22/2004,6/23/2005,674,5
186,58,50-74,Post-graduate,Male,Yes,3,9/19/2004,3/24/2006,255,4
187,36,25-49,High school,Male,No,1,3/18/2004,1/15/2006,242,4
188,33,<25,High school,Female,Yes,1,2/15/2004,3/26/2006,353,3
189,47,75+,Post-graduate,Female,No,2,7/19/2004,9/14/2005,533,5
190,43,75+,Some high school or less,Female,Yes,2,8/10/2004,6/1/2005,94,2
191,48,25-49,College,Male,Yes,3,10/6/2004,7/7/2005,567,5
192,63,50-74,Post-graduate,Male,Yes,3,3/12/2004,10/2/2005,436,4
193,16,25-49,Post-graduate,Female,No,0,4/16/2004,1/15/2006,420,5
194,27,<25,Some high school or less,Male,No,0,5/9/2004,5/27/2005,475,6
195,27,25-49,Some high school or less,Female,No,0,7/5/2004,8/30/2006,172,3
196,50,50-74,Some high school or less,Male,Yes,3,10/3/2004,1/24/2006,490,4
197,31,<25,Some high school or less,Male,Yes,1,2/5/2004,3/5/2005,336,3
198,44,50-74,College,Female,Yes,3,2/11/2004,12/12/2005,1050,9
199,35,75+,Post-graduate,Male,No,0,6/26/2005,8/4/2006,387,4
200,44,75+,Some high school or less,Male,Yes,3,5/3/2005,5/3/2005,219,1
201,65,75+,Some college,Male,Yes,2,6/30/2004,8/16/2005,820,6
202,43,50-74,Some college,Female,No,3,4/18/2004,10/24/2005,664,6
203,17,<25,Some high school or less,Female,No,0,7/15/2004,3/9/2005,552,5
204,55,25-49,Some high school or less,Female,No,1,1/2/2004,8/23/2005,668,5
205,39,75+,Some high school or less,Female,Yes,2,7/26/2004,4/8/2005,94,2
206,21,<25,Post-graduate,Female,No,0,5/24/2004,4/11/2005,549,4
207,46,50-74,High school,Female,Yes,2,1/10/2004,6/20/2006,613,6
208,36,25-49,College,Female,No,0,12/4/2005,12/4/2005,185,1
209,55,50-74,Some college,Female,No,1,6/9/2005,1/13/2006,364,4
210,43,75+,Some college,Male,Yes,0,12/31/2004,8/26/2006,649,4
211,66,75+,High school,Female,Yes,2,9/19/2004,7/31/2006,806,8
212,29,75+,Post-graduate,Male,No,0,6/10/2005,6/10/2005,113,1
213,41,50-74,College,Male,No,0,9/1/2004,10/12/2005,281,4
214,38,50-74,Some high school or less,Male,No,3,1/5/2004,8/28/2005,560,5
215,44,75+,Some high school or less,Female,No,1,7/9/2004,9/9/2005,435,7
216,41,75+,Some high school or less,Female,No,0,5/8/2004,10/21/2005,139,2
217,26,<25,Some college,Male,No,0,4/22/2004,3/19/2005,546,6
218,21,<25,Some high school or less,Male,No,0,5/29/2005,4/25/2006,733,5
219,30,<25,High school,Female,No,0,11/3/2004,9/10/2005,332,3
220,28,<25,Post-graduate,Female,No,0,12/26/2004,3/18/2006,357,4
221,49,75+,High school,Male,No,0,4/16/2004,8/18/2006,544,7
222,35,<25,Some college,Male,No,0,4/2/2004,9/13/2005,602,4
223,37,<25,Post-graduate,Male,No,0,5/18/2004,12/30/2006,876,9
224,53,50-74,College,Male,No,0,6/10/2005,8/12/2005,222,3
225,42,50-74,College,Female,No,0,2/16/2004,9/25/2006,1104,13
226,17,<25,Some college,Male,No,0,9/29/2004,8/4/2006,490,7
227,52,25-49,Some high school or less,Male,Yes,2,3/4/2004,10/8/2005,225,2
228,36,<25,High school,Male,No,0,9/4/2004,6/1/2006,672,7
229,55,75+,Some college,Male,Yes,2,10/9/2004,3/1/2006,462,4
230,56,50-74,Some high school or less,Male,Yes,0,8/25/2005,8/25/2005,43,1
231,64,75+,College,Male,Yes,2,4/21/2005,5/2/2006,254,3
232,41,75+,Some college,Male,Yes,2,7/13/2005,12/30/2005,381,4
233,43,75+,High school,Male,No,0,2/26/2005,10/8/2005,663,5
234,38,75+,Some college,Male,No,0,5/28/2005,5/28/2005,91,1
235,28,<25,College,Male,No,0,10/29/2004,6/7/2005,316,2
236,42,<25,High school,Male,No,0,7/21/2004,9/11/2005,114,3
237,55,75+,Some high school or less,Male,Yes,0,3/24/2005,7/12/2006,826,9
238,50,25-49,Some high school or less,Male,Yes,0,8/10/2004,3/27/2006,654,7
239,62,50-74,Some high school or less,Female,Yes,2,6/13/2004,2/2/2006,366,4
240,23,<25,High school,Female,No,0,5/23/2004,6/18/2006,570,5
241,60,75+,Post-graduate,Female,Yes,2,5/15/2004,7/25/2006,694,6
242,32,<25,College,Female,No,0,12/22/2004,6/23/2006,276,4
243,59,75+,Some high school or less,Female,Yes,0,3/10/2004,8/18/2006,506,6
244,62,50-74,Some college,Female,No,1,8/25/2004,10/25/2006,597,7
245,38,50-74,Post-graduate,Female,No,1,3/30/2004,9/20/2006,472,6
246,56,50-74,Post-graduate,Male,No,0,2/18/2005,2/18/2005,12,1
247,43,75+,Some high school or less,Male,Yes,0,7/1/2004,7/28/2006,225,4
248,64,75+,College,Female,Yes,2,2/10/2004,8/2/2006,541,4
249,26,<25,High school,Male,No,0,7/19/2004,9/22/2005,640,6
250,71,50-74,Post-graduate,Male,No,1,6/1/2004,9/23/2005,224,3
251,44,50-74,Some high school or less,Male,No,0,8/28/2004,8/21/2006,665,8
252,42,25-49,College,Male,Yes,3,5/8/2005,6/28/2006,381,3
253,26,75+,College,Male,No,0,6/2/2004,4/25/2006,343,6
254,36,50-74,Some college,Male,No,0,6/20/2004,9/5/2005,634,6
255,16,<25,Post-graduate,Female,No,0,2/2/2004,4/10/2006,401,5
256,47,25-49,High school,Female,Yes,0,6/21/2005,1/29/2006,274,3
257,29,50-74,College,Male,Yes,0,4/29/2004,5/21/2006,198,5
258,56,50-74,Some college,Female,Yes,3,2/27/2004,5/6/2006,434,6
259,39,75+,High school,Male,No,0,4/12/2004,8/9/2006,314,5
260,39,<25,Some high school or less,Male,Yes,1,2/23/2004,12/5/2005,407,4
261,41,75+,Some college,Male,No,0,7/12/2004,9/10/2006,548,6
262,39,<25,College,Female,No,0,5/25/2004,7/5/2006,425,5
263,40,<25,Some high school or less,Male,No,0,6/26/2004,10/14/2005,673,6
264,62,75+,College,Female,Yes,2,4/18/2005,8/1/2006,425,5
265,58,75+,Some college,Male,Yes,3,6/17/2004,8/21/2005,252,2
266,39,25-49,Some college,Male,Yes,0,1/28/2004,11/16/2005,386,4
267,46,25-49,College,Female,Yes,0,8/5/2004,7/24/2006,658,10
268,55,75+,Some college,Male,Yes,3,8/28/2005,10/30/2006,194,2
269,46,50-74,Some college,Female,Yes,2,1/31/2005,8/2/2006,473,6
270,17,<25,Post-graduate,Male,No,0,1/27/2004,2/7/2006,277,4
271,43,50-74,Some high school or less,Female,Yes,2,6/27/2004,8/2/2006,420,5
272,46,25-49,Some college,Male,Yes,2,7/28/2004,9/6/2006,265,4
273,42,25-49,Some college,Male,Yes,2,3/26/2004,8/20/2006,716,7
274,19,<25,Some college,Female,No,0,4/8/2004,7/27/2006,424,5
275,52,75+,Some college,Male,Yes,0,4/22/2004,4/11/2006,268,5
276,43,75+,High school,Female,Yes,2,9/26/2004,11/28/2005,554,5
277,70,75+,Post-graduate,Female,Yes,2,8/22/2004,12/14/2006,323,4
278,28,25-49,Post-graduate,Female,No,1,5/20/2004,8/19/2005,77,2
279,41,25-49,Some high school or less,Female,Yes,0,1/12/2004,8/22/2006,466,6
280,61,75+,Post-graduate,Female,Yes,0,3/31/2004,7/20/2006,522,5
281,42,50-74,College,Male,Yes,3,2/27/2004,9/20/2005,581,5
282,21,75+,Some college,Male,No,0,3/10/2004,9/3/2005,353,3
283,39,75+,High school,Male,No,0,8/4/2004,10/20/2006,516,4
284,55,50-74,College,Male,Yes,3,2/22/2004,12/10/2006,814,10
285,24,75+,College,Female,No,1,3/20/2005,3/20/2005,79,1
286,34,50-74,Some high school or less,Male,No,0,3/8/2004,8/24/2006,1038,10
287,43,50-74,College,Male,No,3,7/18/2004,8/13/2005,416,5
288,73,50-74,Post-graduate,Female,Yes,2,5/3/2004,3/16/2006,310,4
289,40,25-49,High school,Male,Yes,1,4/19/2004,10/2/2006,377,4
290,49,50-74,Some college,Female,Yes,0,7/22/2004,10/13/2006,447,6
291,49,50-74,Some high school or less,Female,Yes,2,9/7/2004,10/10/2006,371,5
292,18,<25,College,Female,No,0,4/22/2004,8/8/2005,169,2
293,27,50-74,Some high school or less,Female,No,0,4/4/2005,9/20/2006,393,4
294,45,75+,High school,Male,No,0,3/18/2005,7/5/2006,464,3
295,35,50-74,College,Female,No,0,6/16/2004,7/24/2006,779,7
296,36,25-49,College,Female,No,1,7/16/2006,7/16/2006,28,1
297,36,50-74,Some college,Male,No,0,6/23/2004,5/16/2006,615,6
298,25,25-49,Some high school or less,Male,No,0,4/10/2004,8/25/2006,365,4
299,37,<25,High school,Male,Yes,2,5/27/2004,6/16/2006,264,3
300,33,25-49,Some college,Male,Yes,1,6/29/2004,9/25/2006,479,6
301,62,75+,Post-graduate,Female,Yes,2,3/26/2005,4/9/2006,434,5
302,52,75+,College,Male,Yes,3,4/11/2004,2/2/2006,615,5
303,58,75+,College,Female,Yes,2,9/16/2004,11/26/2006,390,5
304,44,50-74,Some college,Female,Yes,2,3/19/2004,8/30/2005,585,6
305,61,75+,Post-graduate,Male,Yes,3,8/29/2004,7/1/2006,298,3
306,23,<25,College,Female,No,0,2/3/2004,4/9/2006,419,5
307,30,50-74,High school,Male,No,0,7/22/2004,8/31/2006,380,4
308,53,50-74,Post-graduate,Male,Yes,2,10/3/2004,10/2/2005,507,6
309,68,75+,College,Male,Yes,2,4/15/2004,8/19/2006,416,6
310,41,75+,Some high school or less,Male,Yes,0,8/19/2004,6/19/2006,332,5
311,51,50-74,High school,Male,Yes,3,4/16/2004,12/2/2006,714,6
312,39,75+,College,Male,No,0,7/18/2004,8/20/2005,631,5
313,49,50-74,Post-graduate,Female,No,2,4/30/2005,5/9/2006,639,6
314,38,75+,High school,Male,No,0,3/2/2004,11/29/2006,834,10
315,34,<25,Some high school or less,Male,Yes,1,5/4/2004,3/15/2006,446,5
316,48,50-74,Some high school or less,Female,Yes,0,6/16/2005,6/4/2006,185,5
317,47,50-74,Some high school or less,Male,No,2,10/5/2005,9/26/2006,234,4
318,53,50-74,High school,Female,No,3,12/18/2004,7/12/2006,885,8
319,21,50-74,High school,Male,No,0,7/29/2005,7/29/2005,39,1
320,17,<25,High school,Male,No,0,12/1/2004,10/13/2005,400,4
321,46,<25,Some high school or less,Female,No,0,6/16/2004,9/23/2006,382,7
322,35,<25,Post-graduate,Male,No,0,4/23/2005,11/17/2006,620,7
323,53,<25,High school,Female,No,0,3/15/2004,7/4/2006,741,9
324,31,50-74,High school,Female,No,2,2/4/2004,7/22/2006,306,4
325,60,75+,Post-graduate,Male,Yes,2,7/21/2004,6/29/2005,211,3
326,25,50-74,High school,Male,No,0,7/10/2004,9/15/2005,437,6
327,53,75+,Some high school or less,Male,Yes,2,5/9/2004,5/31/2006,163,2
328,41,75+,Some high school or less,Male,No,0,8/19/2004,7/11/2006,275,4
329,37,25-49,Some high school or less,Female,Yes,1,4/12/2004,8/31/2006,436,5
330,23,75+,College,Male,No,0,4/28/2004,6/4/2006,350,4
331,50,75+,Some high school or less,Female,Yes,0,2/14/2004,9/5/2005,492,6
332,51,75+,Some college,Female,Yes,0,7/19/2005,10/26/2005,386,3
333,41,75+,College,Female,No,3,10/30/2005,10/30/2005,169,1
334,32,<25,College,Male,No,0,5/22/2004,8/24/2006,956,8
335,48,75+,Some college,Female,No,1,7/27/2004,3/16/2005,648,5
336,36,<25,College,Male,No,0,7/4/2004,9/1/2005,499,6
337,43,50-74,Post-graduate,Male,Yes,3,9/7/2004,12/1/2006,432,4
338,37,<25,College,Male,Yes,0,4/2/2004,6/12/2006,358,6
339,50,25-49,Some college,Male,Yes,2,5/6/2004,6/6/2006,457,6
340,52,75+,Post-graduate,Female,Yes,2,1/3/2005,6/27/2006,183,2
341,21,<25,College,Female,No,0,6/22/2004,8/8/2006,622,8
342,41,25-49,Some high school or less,Male,No,1,5/30/2004,11/9/2005,512,5
343,53,75+,Post-graduate,Female,Yes,0,4/9/2005,8/10/2005,88,3
344,46,75+,College,Male,Yes,2,4/12/2005,6/11/2006,455,5
345,57,50-74,Post-graduate,Female,Yes,3,7/3/2004,4/5/2006,575,5
346,46,75+,Some high school or less,Female,Yes,2,7/30/2004,7/13/2006,446,4
347,48,25-49,Some high school or less,Female,No,0,5/4/2004,8/8/2006,646,5
348,44,75+,Some college,Female,Yes,2,6/24/2004,9/19/2005,404,4
349,53,75+,Some high school or less,Male,Yes,2,9/14/2005,1/16/2006,363,3
350,23,<25,High school,Female,No,0,5/7/2005,5/18/2006,293,3
351,63,75+,Post-graduate,Female,Yes,2,7/20/2004,10/18/2005,265,7
352,59,50-74,Some high school or less,Female,No,2,3/5/2006,11/23/2006,274,3
353,25,25-49,Some high school or less,Male,No,0,8/10/2004,12/27/2006,446,4
354,58,75+,High school,Female,Yes,2,3/31/2004,6/15/2006,471,6
355,53,50-74,Some high school or less,Female,No,0,2/4/2005,8/16/2006,422,4
356,60,75+,High school,Female,Yes,0,5/25/2005,9/29/2006,311,4
357,40,<25,Some college,Female,No,0,1/26/2005,10/3/2006,474,5
358,27,75+,High school,Female,No,1,9/1/2004,1/22/2006,714,5
359,16,<25,College,Male,No,0,6/2/2005,7/26/2006,144,4
360,62,75+,Post-graduate,Female,Yes,2,5/5/2004,5/23/2006,520,5
361,52,75+,Post-graduate,Male,Yes,2,6/3/2004,7/4/2006,787,8
362,52,75+,College,Male,No,0,1/27/2004,9/20/2006,492,6
363,58,75+,Some college,Male,Yes,0,12/3/2004,8/6/2005,382,4
364,42,<25,Some college,Female,No,0,2/15/2005,2/15/2005,81,1
365,61,75+,Post-graduate,Female,Yes,2,6/8/2004,11/22/2006,600,7
366,47,75+,High school,Female,No,3,12/20/2004,5/16/2006,852,8
367,37,50-74,College,Female,Yes,1,3/30/2005,11/29/2005,336,3
368,18,25-49,Some high school or less,Male,No,0,4/17/2005,10/2/2006,180,3
369,56,75+,High school,Female,Yes,2,9/12/2004,3/30/2006,312,3
370,58,<25,High school,Female,No,0,4/2/2004,6/13/2006,326,4
371,54,25-49,High school,Female,No,0,7/12/2004,6/12/2006,596,7
372,43,50-74,Some high school or less,Female,Yes,2,2/6/2004,8/7/2006,937,11
373,22,75+,Some college,Male,No,0,4/24/2004,7/1/2006,889,8
374,49,75+,Post-graduate,Male,Yes,0,4/7/2004,7/25/2006,768,12
375,34,<25,High school,Female,No,0,5/28/2005,3/11/2006,356,4
376,41,25-49,Some high school or less,Male,Yes,2,7/16/2004,11/27/2005,266,3
377,55,25-49,College,Female,Yes,2,11/29/2004,3/18/2006,353,6
378,45,<25,High school,Male,No,0,5/14/2004,9/19/2006,393,4
379,31,50-74,High school,Female,Yes,0,5/27/2004,4/22/2005,82,2
380,23,<25,College,Female,No,0,8/13/2004,3/17/2006,496,4
381,34,<25,Some high school or less,Male,No,0,7/15/2005,7/15/2005,111,1
382,59,75+,High school,Male,Yes,2,9/7/2005,9/16/2006,789,5
383,44,75+,College,Female,Yes,3,10/6/2004,6/13/2006,600,6
384,54,25-49,Some high school or less,Male,No,0,2/8/2004,3/15/2006,427,6
385,57,50-74,College,Male,No,2,9/11/2004,11/27/2005,81,3
386,39,50-74,College,Male,Yes,2,1/24/2004,7/16/2006,1488,13
387,48,75+,College,Male,Yes,2,6/27/2004,12/11/2006,1249,10
388,58,50-74,Some college,Male,No,2,2/26/2005,8/21/2005,96,2
389,57,50-74,Some college,Female,No,1,3/4/2004,2/23/2005,435,4
390,45,75+,College,Male,No,0,9/23/2004,1/6/2006,375,4
391,31,25-49,Some high school or less,Male,Yes,2,5/6/2004,7/8/2006,165,2
392,45,75+,Some high school or less,Male,Yes,3,5/25/2004,5/15/2006,554,5
393,32,25-49,High school,Female,Yes,1,6/25/2005,9/5/2006,209,2
394,47,<25,College,Female,No,0,6/27/2004,10/5/2005,459,6
395,36,25-49,Some college,Female,Yes,1,4/7/2004,11/18/2005,542,5
396,56,50-74,Some high school or less,Female,No,1,2/3/2005,2/3/2005,32,1
397,42,75+,Some college,Female,No,1,7/19/2005,8/17/2006,236,3
398,39,<25,College,Male,No,0,5/15/2004,12/15/2005,549,6
399,51,75+,College,Male,Yes,2,3/28/2004,10/3/2005,809,10
400,17,<25,Some college,Male,No,0,10/11/2005,10/11/2005,52,1
401,23,<25,College,Male,No,0,2/24/2004,10/11/2006,771,8
402,16,<25,College,Male,No,0,12/15/2004,4/11/2005,99,3
403,38,<25,College,Female,Yes,1,1/16/2004,4/3/2006,101,3
404,37,50-74,High school,Female,Yes,0,5/22/2004,5/24/2006,950,7
405,50,25-49,High school,Male,Yes,2,2/26/2005,9/20/2006,421,3
406,50,75+,College,Female,Yes,0,7/10/2004,4/21/2005,196,4
407,40,50-74,Some college,Female,No,1,3/14/2004,8/31/2006,446,4
408,35,<25,College,Female,Yes,1,10/1/2004,10/21/2006,613,8
409,46,75+,College,Male,Yes,0,6/18/2004,12/23/2005,805,9
410,37,<25,Some high school or less,Male,No,0,8/13/2004,8/13/2004,120,1
411,70,75+,Some high school or less,Male,Yes,3,2/29/2004,12/5/2006,895,6
412,15,50-74,Some college,Male,No,0,5/2/2005,5/22/2005,96,2
413,42,75+,Some high school or less,Female,Yes,0,12/17/2004,12/15/2006,316,4
414,47,25-49,High school,Male,No,0,12/30/2004,8/24/2006,282,5
415,72,75+,Some high school or less,Male,Yes,3,4/28/2004,10/15/2005,132,2
416,33,<25,Some college,Male,Yes,1,1/4/2005,6/29/2005,421,3
417,40,25-49,Post-graduate,Female,Yes,1,3/21/2004,7/20/2006,583,7
418,58,75+,Some high school or less,Female,Yes,2,4/1/2004,10/19/2006,1036,10
419,44,75+,Some high school or less,Male,No,0,6/26/2004,9/28/2006,285,3
420,60,75+,High school,Female,Yes,2,10/6/2004,12/4/2006,1003,9
421,35,<25,Some college,Male,No,0,7/17/2004,8/9/2006,968,10
422,41,25-49,Some college,Female,Yes,0,6/20/2005,8/7/2006,260,3
423,20,75+,Post-graduate,Male,Yes,1,3/7/2004,4/8/2005,166,2
424,49,50-74,College,Female,Yes,2,3/20/2004,8/9/2006,816,11
425,40,25-49,Some high school or less,Female,No,0,3/10/2004,10/2/2006,251,4
426,30,50-74,High school,Female,No,2,3/16/2005,10/8/2006,277,6
427,30,75+,High school,Male,No,0,4/29/2004,4/29/2004,133,1
428,63,50-74,High school,Male,Yes,3,9/7/2005,1/30/2006,395,4
429,41,75+,Some college,Female,Yes,2,3/9/2004,7/23/2006,688,7
430,52,75+,College,Female,Yes,0,11/6/2004,8/10/2006,385,4
431,34,25-49,Post-graduate,Female,No,1,1/30/2004,6/18/2005,489,6
432,39,<25,Some college,Male,No,0,2/12/2005,8/6/2006,332,4
433,18,25-49,Some high school or less,Male,No,0,3/20/2004,6/26/2005,356,3
434,61,75+,College,Female,No,3,6/5/2005,8/10/2006,79,2
435,44,25-49,Some college,Male,Yes,0,4/27/2005,8/30/2005,198,2
436,26,50-74,Some high school or less,Male,No,1,6/22/2005,9/29/2005,491,3
437,50,75+,Some high school or less,Male,No,0,3/18/2004,5/30/2006,147,3
438,34,25-49,Some college,Male,No,1,6/10/2004,6/10/2005,841,7
439,43,50-74,Some high school or less,Female,No,2,9/1/2004,4/29/2006,653,6
440,37,50-74,High school,Female,No,3,3/19/2005,7/11/2006,675,5
441,30,75+,College,Female,Yes,1,6/23/2004,9/8/2006,295,3
442,72,75+,College,Male,Yes,2,4/11/2004,9/6/2006,758,7
443,55,50-74,High school,Male,No,1,10/4/2004,8/28/2006,261,3
444,52,75+,Some college,Male,Yes,2,7/13/2004,8/24/2005,648,7
445,47,50-74,High school,Male,No,0,7/24/2005,9/16/2005,311,3
446,54,75+,Some high school or less,Female,Yes,2,7/4/2004,10/31/2005,837,7
447,41,50-74,Some college,Female,No,2,3/23/2004,3/12/2006,635,7
448,56,75+,Some high school or less,Female,No,2,2/17/2004,8/26/2006,987,12
449,48,<25,Some high school or less,Female,No,0,7/27/2004,8/30/2005,203,3
450,42,25-49,High school,Male,Yes,3,9/26/2004,7/14/2006,307,5
451,32,75+,Some college,Female,No,0,5/9/2006,5/9/2006,153,1
452,33,<25,Some college,Male,Yes,0,3/1/2004,10/14/2005,546,6
453,41,50-74,Some college,Female,No,1,9/15/2004,9/8/2005,470,5
454,45,75+,Post-graduate,Female,Yes,0,1/24/2005,4/16/2006,393,4
455,50,50-74,Post-graduate,Male,Yes,2,10/8/2004,7/1/2005,286,2
456,40,50-74,Some high school or less,Female,No,2,1/17/2004,11/5/2005,496,5
457,53,<25,Some college,Female,No,0,3/29/2004,9/17/2006,340,4
458,51,75+,College,Female,Yes,2,6/10/2004,5/16/2006,197,4
459,47,50-74,Some college,Male,Yes,3,9/18/2004,7/2/2006,480,6
460,33,25-49,Some high school or less,Female,No,1,10/2/2004,10/14/2006,672,5
461,38,75+,College,Male,No,0,7/18/2004,7/20/2006,357,6
462,37,50-74,Post-graduate,Female,Yes,0,2/29/2004,8/9/2005,269,4
463,32,25-49,Post-graduate,Female,No,0,6/30/2004,8/21/2006,471,5
464,52,75+,Some high school or less,Female,Yes,0,3/5/2004,4/22/2006,211,3
465,18,<25,Post-graduate,Female,No,0,1/21/2004,8/29/2006,1074,14
466,50,50-74,Some high school or less,Male,No,3,2/7/2005,7/8/2006,436,5
467,26,50-74,Post-graduate,Male,No,0,5/12/2004,5/28/2005,677,5
468,18,25-49,High school,Female,No,0,3/6/2004,7/25/2006,422,6
469,54,75+,Post-graduate,Male,Yes,2,7/8/2006,7/8/2006,188,1
470,54,25-49,Post-graduate,Female,Yes,2,6/13/2005,12/23/2006,347,4
471,74,75+,Some college,Male,Yes,2,7/9/2004,4/20/2005,133,2
472,63,50-74,College,Female,No,1,4/24/2005,3/31/2006,5400,3
473,45,25-49,Some high school or less,Female,Yes,0,7/3/2004,10/27/2005,363,4
474,41,50-74,High school,Female,Yes,3,3/22/2004,3/27/2006,582,6
475,53,75+,Some high school or less,Male,Yes,2,6/5/2004,9/18/2005,270,3
476,37,<25,Post-graduate,Female,No,0,6/25/2004,10/2/2005,474,6
477,37,75+,Post-graduate,Female,No,2,10/20/2004,9/11/2006,510,7
478,49,50-74,Post-graduate,Female,No,0,10/1/2004,4/26/2006,229,4
479,60,75+,Post-graduate,Female,Yes,0,8/12/2004,10/4/2006,790,8
480,44,75+,Post-graduate,Female,Yes,2,9/24/2004,11/9/2005,492,6
481,46,75+,College,Female,Yes,0,3/27/2005,10/1/2005,571,6
482,80,75+,Some high school or less,Female,Yes,2,10/28/2004,8/3/2006,613,5
483,61,25-49,High school,Male,Yes,3,7/7/2004,1/31/2006,259,4
484,34,50-74,Some college,Male,No,1,10/6/2004,7/22/2006,681,4
485,48,75+,Post-graduate,Male,Yes,3,7/12/2004,7/19/2006,143,3
486,34,50-74,Some college,Female,No,1,2/29/2004,10/4/2006,580,8
487,35,25-49,Some college,Female,Yes,1,6/11/2004,11/3/2005,317,6
488,51,50-74,Some college,Female,No,1,2/14/2005,5/28/2006,764,7
489,45,75+,Post-graduate,Female,No,1,6/20/2004,12/1/2006,759,7
490,44,50-74,College,Male,Yes,0,5/24/2004,7/1/2006,1060,10
491,42,50-74,Some college,Female,Yes,2,6/28/2005,9/3/2006,114,2
492,50,25-49,College,Male,No,1,9/25/2004,11/28/2006,754,6
493,43,<25,Some college,Female,No,0,6/17/2004,8/25/2005,400,5
494,61,50-74,Post-graduate,Male,No,0,7/12/2004,4/29/2006,565,4
495,66,25-49,Post-graduate,Female,Yes,0,4/22/2004,8/1/2006,375,4
496,55,25-49,Post-graduate,Female,Yes,2,3/11/2004,2/18/2005,479,3
497,44,75+,College,Female,Yes,0,5/13/2004,8/9/2006,704,7
498,23,50-74,College,Male,No,0,12/9/2004,11/22/2006,460,6
499,50,50-74,High school,Female,No,0,7/3/2004,2/26/2005,77,2
500,32,25-49,Some high school or less,Male,No,0,3/12/2004,3/29/2006,384,5
501,44,25-49,High school,Female,Yes,2,4/8/2004,12/25/2005,578,6
502,20,75+,College,Male,No,0,4/9/2004,10/6/2006,537,5
503,69,75+,Some college,Male,Yes,2,5/9/2004,4/26/2006,644,6
504,53,25-49,Some college,Female,Yes,0,4/21/2004,6/7/2005,263,6
505,41,50-74,Some high school or less,Male,No,0,9/29/2005,3/8/2006,318,3
506,23,25-49,Some high school or less,Female,No,0,9/21/2004,11/15/2006,281,5
507,44,75+,Some high school or less,Female,Yes,2,5/13/2004,9/18/2005,437,5
508,27,50-74,Post-graduate,Male,No,0,5/20/2004,5/20/2004,61,1
509,31,<25,Some college,Female,No,0,5/16/2004,4/4/2005,363,5
510,33,75+,Some high school or less,Male,No,0,5/14/2005,8/13/2006,329,5
511,34,75+,College,Female,Yes,0,6/11/2005,6/11/2005,28,1
512,47,75+,Some college,Female,No,1,6/29/2004,4/1/2006,803,6
513,51,50-74,College,Male,Yes,3,8/7/2004,10/18/2005,228,3
514,16,<25,High school,Female,No,0,3/8/2004,9/20/2006,346,6
515,47,50-74,Post-graduate,Male,No,0,2/19/2004,12/24/2005,585,5
516,30,25-49,High school,Female,Yes,2,10/6/2004,7/12/2006,476,5
517,55,50-74,Some high school or less,Male,Yes,2,4/28/2005,7/29/2006,421,5
518,20,<25,Some college,Female,No,0,3/20/2004,7/2/2006,630,6
519,48,50-74,Some college,Male,Yes,0,5/30/2004,11/12/2006,762,7
520,40,<25,College,Male,Yes,0,4/14/2004,10/4/2006,453,5
521,50,50-74,Some high school or less,Male,No,0,8/4/2004,9/12/2005,597,4
522,35,75+,College,Male,No,0,10/19/2004,12/24/2006,792,9
523,46,25-49,Some high school or less,Male,No,1,10/28/2004,6/4/2006,690,7
524,41,75+,Post-graduate,Female,No,1,3/24/2004,9/6/2005,646,7
525,43,50-74,Post-graduate,Male,No,1,6/2/2004,11/24/2005,632,6
526,60,75+,Some college,Male,Yes,2,3/24/2004,10/30/2005,406,6
527,36,25-49,High school,Female,Yes,2,6/29/2004,7/1/2005,301,3
528,28,<25,High school,Female,No,0,1/4/2004,9/6/2005,892,8
529,23,25-49,College,Male,Yes,1,6/4/2004,10/31/2006,318,5
530,20,<25,Some college,Female,No,0,6/17/2004,8/3/2006,786,8
531,28,<25,Some high school or less,Female,No,0,3/8/2004,4/6/2006,421,5
532,65,75+,Post-graduate,Female,No,2,7/22/2004,7/1/2006,370,4
533,33,50-74,Some high school or less,Female,Yes,0,3/9/2005,9/17/2006,609,4
534,49,75+,High school,Female,Yes,2,4/15/2004,8/3/2006,512,5
535,62,75+,Some college,Male,Yes,2,6/17/2004,12/18/2006,330,5
536,53,50-74,Some high school or less,Female,No,2,2/17/2005,8/21/2006,448,5
537,25,<25,Some high school or less,Male,No,0,1/30/2005,1/30/2005,57,1
538,51,25-49,Post-graduate,Female,No,1,7/22/2004,9/5/2004,328,4
539,49,75+,Post-graduate,Male,Yes,0,5/14/2006,9/24/2006,363,3
540,43,<25,Post-graduate,Male,No,0,6/11/2004,11/17/2006,600,7
541,35,50-74,Some college,Female,No,0,4/28/2005,6/28/2006,520,7
542,66,75+,Post-graduate,Female,Yes,2,1/14/2004,6/24/2006,1018,10
543,33,<25,Post-graduate,Female,Yes,0,9/1/2004,2/22/2006,527,5
544,39,<25,Post-graduate,Male,Yes,0,4/7/2004,6/10/2006,652,7
545,46,75+,Some college,Female,No,2,8/28/2004,9/9/2006,289,4
546,51,25-49,College,Female,Yes,0,4/15/2004,6/13/2006,760,7
547,45,<25,Some high school or less,Male,No,0,8/14/2004,9/6/2006,713,11
548,37,50-74,Some high school or less,Female,No,3,5/15/2005,5/15/2005,106,1
549,26,<25,High school,Male,No,0,5/8/2004,2/8/2006,1150,12
550,37,75+,Post-graduate,Female,Yes,2,7/30/2004,5/12/2006,441,4
551,42,75+,Post-graduate,Male,No,0,7/22/2004,8/11/2004,141,2
552,48,75+,Some high school or less,Female,Yes,2,5/8/2004,8/10/2005,274,4
553,33,<25,Some college,Female,Yes,0,3/23/2005,12/18/2006,461,5
554,33,50-74,High school,Male,No,0,7/27/2005,5/23/2006,375,2
555,15,<25,College,Female,No,0,4/22/2005,8/16/2006,712,6
556,48,75+,High school,Male,No,0,7/4/2004,8/31/2005,308,3
557,53,75+,High school,Female,Yes,2,6/29/2005,8/28/2005,241,2
558,48,75+,Some college,Female,No,0,5/15/2005,4/29/2006,157,4
559,51,75+,High school,Female,Yes,3,3/24/2005,12/21/2006,668,6
560,52,75+,Some high school or less,Male,Yes,3,5/29/2004,9/12/2006,422,4
561,39,<25,College,Female,Yes,0,7/18/2004,1/26/2006,652,7
562,32,25-49,High school,Female,No,0,6/14/2004,12/16/2005,644,7
563,35,<25,Some college,Female,No,0,7/25/2004,10/24/2005,392,4
564,57,75+,College,Male,Yes,3,5/9/2004,9/6/2005,805,6
565,62,75+,College,Female,Yes,2,7/2/2004,12/27/2006,464,6
566,23,25-49,Post-graduate,Female,No,0,4/16/2005,4/16/2005,34,1
567,31,50-74,Some college,Female,Yes,0,7/3/2005,7/21/2005,252,2
568,26,75+,Post-graduate,Male,Yes,0,3/20/2005,11/2/2006,218,4
569,47,75+,Some college,Female,Yes,0,8/3/2004,3/11/2006,378,5
570,17,25-49,College,Male,No,0,3/11/2004,2/14/2006,746,6
571,37,75+,Some high school or less,Male,No,0,6/15/2004,7/22/2004,219,2
572,62,75+,Some high school or less,Female,Yes,0,6/12/2005,11/7/2006,377,3
573,48,75+,High school,Female,Yes,0,4/24/2004,7/29/2006,292,6
574,49,50-74,Post-graduate,Female,Yes,2,5/27/2005,10/25/2006,276,4
575,47,50-74,Post-graduate,Male,No,1,10/16/2005,11/15/2006,388,4
576,34,<25,High school,Female,No,0,11/18/2004,6/4/2006,688,7
577,42,75+,College,Male,No,0,8/3/2004,8/22/2006,390,4
578,25,25-49,Some high school or less,Male,No,0,4/11/2004,5/11/2006,360,5
579,50,75+,Some college,Female,No,2,1/8/2004,2/4/2005,155,4
580,46,75+,Some college,Female,Yes,2,5/13/2004,8/27/2005,521,5
581,47,75+,College,Female,Yes,2,11/27/2004,8/28/2005,454,4
582,56,75+,Some high school or less,Male,Yes,3,4/8/2004,12/13/2006,330,7
583,24,25-49,Post-graduate,Male,No,0,1/25/2004,7/12/2005,311,3
584,43,<25,Some college,Female,No,0,5/30/2005,3/21/2006,253,4
585,40,50-74,Post-graduate,Male,No,0,7/22/2005,10/4/2006,394,5
586,55,75+,Some high school or less,Female,No,3,4/10/2004,9/22/2006,450,5
587,74,75+,Some college,Female,Yes,2,5/11/2004,4/8/2005,579,6
588,15,25-49,Some high school or less,Female,No,0,2/22/2004,9/3/2005,219,3
589,30,<25,Post-graduate,Female,No,0,3/30/2004,6/27/2006,119,2
590,46,50-74,Post-graduate,Male,Yes,2,12/18/2004,8/25/2006,590,7
591,59,25-49,College,Male,Yes,3,11/24/2004,9/14/2005,589,7
592,53,25-49,Some college,Male,Yes,2,3/30/2005,8/1/2005,390,3
593,51,75+,Post-graduate,Male,Yes,2,5/3/2004,5/13/2005,353,4
594,44,25-49,High school,Female,No,1,1/13/2004,9/2/2006,378,6
595,46,<25,High school,Female,No,0,2/25/2004,12/31/2005,246,3
596,54,50-74,Some high school or less,Male,No,1,2/22/2004,7/4/2005,579,3
597,60,75+,College,Male,Yes,2,3/28/2004,10/21/2005,665,5
598,29,50-74,High school,Female,No,1,6/12/2005,9/24/2005,271,2
599,58,25-49,Some college,Female,Yes,2,6/26/2004,12/26/2006,528,6
600,45,25-49,Post-graduate,Male,Yes,3,6/13/2005,10/17/2006,643,4
601,35,<25,Some college,Female,No,0,3/22/2004,12/19/2005,409,5
602,37,25-49,High school,Male,No,0,3/17/2004,7/9/2006,580,6
603,27,50-74,Some college,Male,No,0,2/23/2004,7/24/2006,1060,10
604,42,<25,Some high school or less,Female,No,0,11/27/2005,11/27/2005,33,1
605,32,75+,College,Male,Yes,1,9/5/2005,5/16/2006,159,4
606,24,25-49,Some college,Female,No,0,4/23/2004,2/27/2006,439,3
607,47,25-49,Some high school or less,Female,No,0,7/9/2004,7/17/2005,360,4
608,27,50-74,Post-graduate,Male,Yes,0,6/6/2004,8/27/2006,1069,10
609,51,75+,Post-graduate,Female,Yes,3,11/8/2004,7/1/2005,516,4
610,36,<25,Some college,Female,No,0,3/15/2005,12/8/2006,251,4
611,52,25-49,Some college,Male,No,1,4/21/2004,9/15/2005,855,8
612,48,25-49,High school,Male,Yes,2,2/17/2004,3/24/2005,458,4
613,52,50-74,High school,Male,Yes,3,8/8/2004,7/15/2006,594,6
614,53,75+,Post-graduate,Male,Yes,2,6/30/2004,1/16/2006,416,5
615,57,50-74,Some high school or less,Male,Yes,2,4/25/2005,12/19/2006,202,4
616,28,<25,Post-graduate,Male,No,0,4/30/2005,3/19/2006,280,3
617,72,50-74,Some college,Male,Yes,2,4/2/2005,8/9/2005,284,3
618,56,75+,High school,Male,Yes,3,6/7/2004,11/17/2006,868,10
619,47,25-49,Some high school or less,Female,Yes,2,6/11/2004,4/3/2006,484,5
620,53,75+,Some high school or less,Male,Yes,2,7/22/2004,5/4/2006,289,5
621,59,25-49,High school,Male,Yes,0,6/6/2004,10/12/2006,270,3
622,42,25-49,High school,Male,Yes,2,7/8/2005,12/10/2006,734,5
623,42,50-74,Some college,Female,No,0,3/2/2005,12/25/2006,547,6
624,52,75+,College,Female,Yes,2,3/22/2004,3/31/2006,350,4
625,53,50-74,High school,Female,Yes,3,8/24/2004,11/28/2006,283,4
626,22,25-49,Some high school or less,Female,No,0,10/12/2004,6/10/2006,574,6
627,35,75+,Some college,Female,No,2,10/22/2004,12/22/2006,633,4
628,48,75+,Some college,Female,Yes,0,4/29/2004,7/31/2006,641,6
629,52,75+,Post-graduate,Female,Yes,2,12/3/2004,11/15/2005,137,3
630,48,75+,Some college,Male,No,0,10/18/2004,11/30/2005,320,2
631,57,25-49,High school,Male,Yes,2,3/6/2004,8/16/2005,520,5
632,21,75+,Some college,Male,No,0,7/30/2005,7/23/2006,149,2
633,42,75+,College,Male,No,0,5/24/2004,12/4/2005,396,6
634,35,<25,Post-graduate,Female,Yes,0,7/21/2004,9/2/2006,693,7
635,35,50-74,High school,Female,No,1,8/6/2004,2/1/2006,505,4
636,36,75+,Some college,Female,Yes,0,5/17/2004,10/4/2006,450,5
637,37,25-49,Some high school or less,Female,Yes,2,6/30/2005,10/31/2005,632,4
638,42,50-74,High school,Female,No,3,4/1/2004,10/2/2006,843,9
639,59,50-74,College,Male,Yes,3,6/28/2004,2/13/2006,570,5
640,22,<25,Post-graduate,Female,Yes,0,3/26/2004,2/3/2006,190,3
641,40,50-74,High school,Male,Yes,0,2/28/2004,11/14/2005,482,4
642,57,50-74,Some high school or less,Male,No,2,12/7/2004,7/28/2005,323,5
643,49,25-49,Post-graduate,Female,Yes,0,1/4/2004,10/8/2006,763,9
644,14,25-49,High school,Male,No,0,8/28/2004,6/25/2006,410,4
645,47,25-49,Post-graduate,Female,Yes,2,4/4/2005,10/30/2006,244,3
646,38,25-49,Some college,Male,Yes,0,4/10/2004,6/22/2006,212,4
647,51,75+,Post-graduate,Female,Yes,0,3/5/2005,3/10/2006,108,2
648,54,75+,High school,Male,Yes,2,1/9/2005,11/18/2006,581,7
649,34,<25,High school,Female,No,0,5/22/2005,5/30/2006,663,5
650,46,75+,Post-graduate,Male,Yes,3,6/20/2005,7/20/2006,138,2
651,50,<25,Post-graduate,Female,No,0,3/28/2004,10/11/2005,589,5
652,53,25-49,College,Female,No,1,5/22/2004,1/30/2006,937,6
653,50,75+,Some college,Female,No,1,9/4/2004,11/13/2006,391,5
654,71,75+,Some college,Male,Yes,3,9/27/2004,7/4/2005,96,2
655,19,75+,College,Female,No,0,7/20/2004,7/10/2006,374,4
656,43,75+,High school,Male,Yes,2,3/12/2004,10/23/2006,400,4
657,53,<25,Some high school or less,Male,No,0,5/1/2004,8/12/2006,687,8
658,46,25-49,Some college,Male,Yes,2,8/27/2004,7/3/2006,648,7
659,26,25-49,Some high school or less,Male,No,0,4/10/2004,10/16/2005,248,3
660,52,50-74,College,Female,Yes,3,3/9/2005,4/14/2006,342,3
661,32,25-49,High school,Male,Yes,1,11/24/2004,12/21/2005,87,2
662,53,75+,Post-graduate,Female,Yes,2,4/2/2005,10/6/2006,694,6
663,37,75+,Post-graduate,Female,No,1,2/19/2004,7/12/2006,654,7
664,57,25-49,Some college,Female,Yes,2,5/16/2004,9/29/2006,637,9
665,53,25-49,High school,Female,Yes,2,3/5/2004,9/16/2006,523,7
666,48,50-74,Some high school or less,Male,No,2,12/15/2004,9/9/2006,181,2
667,60,50-74,Some college,Male,No,2,4/15/2005,5/6/2005,223,2
668,64,75+,College,Male,Yes,2,6/28/2004,9/13/2006,676,7
669,32,25-49,Some high school or less,Male,No,1,3/25/2004,2/27/2006,515,5
670,33,25-49,High school,Male,No,0,1/16/2004,4/6/2006,696,9
671,27,25-49,Some high school or less,Female,No,1,1/4/2005,11/16/2006,713,8
672,53,75+,College,Female,Yes,2,6/1/2004,10/11/2006,1068,8
673,25,75+,Post-graduate,Female,No,0,4/8/2004,12/12/2006,726,9
674,47,75+,Post-graduate,Female,Yes,0,7/1/2004,4/10/2005,363,4
675,29,25-49,Some high school or less,Female,No,0,6/3/2004,7/13/2006,781,6
676,51,25-49,Some college,Female,No,1,6/14/2004,9/1/2005,620,4
677,51,50-74,Post-graduate,Male,No,1,8/23/2004,11/13/2006,711,6
678,51,75+,Some college,Male,Yes,2,2/8/2005,7/2/2006,143,3
679,33,<25,High school,Female,No,0,11/13/2004,9/15/2006,258,4
680,35,50-74,College,Female,Yes,0,11/5/2004,8/5/2006,308,4
681,35,50-74,Some high school or less,Male,Yes,2,3/5/2004,6/30/2005,716,5
682,31,50-74,Some high school or less,Female,No,0,1/9/2004,10/24/2005,644,5
683,66,75+,High school,Male,Yes,3,12/31/2004,7/20/2006,709,7
684,66,75+,High school,Female,No,2,5/29/2004,10/15/2006,157,3
685,39,50-74,High school,Female,Yes,0,9/9/2004,7/10/2005,570,4
686,51,75+,High school,Male,Yes,3,5/13/2004,6/2/2005,162,3
687,66,75+,Post-graduate,Male,Yes,2,4/23/2004,10/28/2006,850,9
688,39,<25,Some college,Male,Yes,0,4/19/2004,10/10/2006,708,9
689,35,50-74,College,Male,No,0,5/30/2004,9/10/2006,356,6
690,33,50-74,College,Male,No,0,11/13/2004,5/9/2005,265,3
691,61,75+,High school,Male,Yes,0,2/1/2004,9/21/2005,113,4
692,57,50-74,Post-graduate,Female,Yes,2,4/24/2004,9/6/2006,856,9
693,63,25-49,College,Male,Yes,2,5/17/2004,7/27/2006,245,4
694,46,75+,Some high school or less,Female,No,0,2/25/2004,4/10/2006,620,6
695,26,75+,College,Male,No,0,9/7/2005,4/10/2006,39,2
696,41,25-49,Post-graduate,Male,No,0,4/4/2004,10/26/2006,374,5
697,45,<25,High school,Male,No,0,4/6/2004,6/14/2006,721,6
698,59,25-49,High school,Male,Yes,2,2/1/2005,9/23/2006,384,4
699,46,<25,College,Male,No,0,2/23/2004,8/26/2006,539,5
700,41,50-74,Post-graduate,Female,Yes,3,4/3/2004,8/31/2006,464,6
701,41,75+,High school,Female,Yes,2,5/20/2004,3/10/2006,466,3
702,33,25-49,Some high school or less,Female,Yes,1,1/9/2004,12/17/2005,722,8
703,42,50-74,Some college,Female,No,2,3/19/2004,9/8/2006,576,7
704,53,50-74,High school,Female,No,3,8/6/2004,2/6/2006,369,5
705,55,75+,Post-graduate,Female,Yes,2,4/17/2004,8/2/2005,95,2
706,61,50-74,Post-graduate,Female,Yes,3,9/8/2004,7/11/2005,587,4
707,38,25-49,High school,Male,Yes,2,11/19/2004,10/12/2006,393,5
708,50,50-74,Some college,Female,Yes,3,5/2/2004,8/2/2006,560,6
709,54,50-74,College,Male,Yes,2,9/1/2004,12/24/2005,291,4
710,29,75+,Post-graduate,Male,No,0,6/2/2004,1/13/2006,438,7
711,46,25-49,Some college,Male,Yes,3,12/20/2004,12/25/2006,239,3
712,43,75+,Some college,Male,No,0,4/14/2004,7/20/2005,713,5
713,34,25-49,Post-graduate,Female,No,0,8/13/2004,9/2/2006,232,4
714,46,25-49,Some college,Female,No,1,4/9/2004,8/7/2005,532,5
715,39,50-74,High school,Male,No,1,2/10/2004,5/5/2006,359,5
716,57,25-49,College,Male,Yes,3,4/9/2004,3/9/2006,698,7
717,33,75+,High school,Male,No,0,12/15/2004,11/24/2005,350,5
718,63,50-74,High school,Female,Yes,2,8/28/2004,8/9/2005,371,5
719,24,25-49,College,Male,No,1,3/19/2004,10/15/2006,564,6
720,30,<25,High school,Female,No,0,7/1/2005,7/27/2005,176,2
721,49,75+,Some college,Male,No,0,6/25/2004,7/12/2006,171,2
722,51,50-74,Some college,Female,Yes,0,7/3/2005,12/5/2005,268,2
723,18,<25,Post-graduate,Male,No,0,6/10/2005,8/11/2006,523,4
724,48,25-49,Some college,Male,Yes,3,3/15/2004,11/23/2005,829,8
725,36,25-49,Some college,Female,No,1,6/14/2005,8/1/2006,515,4
726,41,50-74,High school,Male,No,0,4/16/2004,5/23/2006,463,5
727,25,25-49,Some college,Female,No,1,5/24/2004,5/24/2004,30,1
728,33,<25,Post-graduate,Female,No,0,4/10/2004,3/26/2006,434,7
729,40,<25,Some college,Female,No,0,4/1/2004,5/31/2006,367,7
730,58,75+,Some high school or less,Female,Yes,0,8/20/2004,10/11/2006,166,3
731,75,75+,Post-graduate,Male,Yes,0,8/4/2004,9/8/2006,276,4
732,65,75+,College,Male,Yes,0,3/7/2004,6/30/2005,309,7
733,60,75+,Some high school or less,Male,Yes,3,3/13/2004,4/17/2006,777,7
734,44,75+,Post-graduate,Female,Yes,0,5/26/2004,8/11/2006,536,7
735,38,25-49,Some high school or less,Male,No,1,7/20/2004,7/5/2006,819,6
736,48,<25,Some college,Female,No,0,7/1/2004,5/3/2006,736,7
737,51,75+,College,Male,Yes,0,5/28/2004,4/27/2005,267,2
738,44,<25,High school,Female,No,0,2/28/2004,12/19/2006,892,8
739,38,<25,College,Male,No,0,1/6/2004,1/6/2005,388,4
740,40,25-49,College,Male,No,1,1/6/2005,6/22/2005,211,3
741,30,<25,Some high school or less,Male,No,0,12/2/2004,8/22/2005,515,6
742,36,25-49,College,Male,No,0,9/29/2004,7/19/2005,253,4
743,32,50-74,High school,Female,Yes,0,3/26/2005,9/17/2006,415,5
744,46,25-49,Some college,Female,Yes,0,5/24/2004,5/22/2005,241,2
745,33,50-74,Some college,Male,Yes,1,5/19/2004,9/24/2005,390,5
746,49,25-49,Some college,Male,Yes,2,5/13/2005,5/13/2005,55,1
747,34,75+,High school,Female,Yes,1,5/20/2004,8/18/2006,360,4
748,36,<25,Some college,Female,No,0,5/18/2004,8/24/2006,744,8
749,33,75+,Some college,Male,No,0,8/12/2005,11/2/2006,456,3
750,38,25-49,Some high school or less,Female,No,1,5/8/2004,11/10/2005,574,6
751,30,<25,High school,Male,No,0,6/11/2004,7/1/2006,1018,8
752,41,50-74,Some college,Male,Yes,3,1/11/2004,1/25/2006,829,8
753,63,75+,Some high school or less,Female,Yes,2,1/2/2004,3/25/2006,699,8
754,28,75+,Post-graduate,Female,Yes,1,7/16/2005,10/29/2006,579,5
755,45,25-49,College,Male,No,1,5/16/2005,10/8/2005,353,3
756,32,<25,College,Male,No,0,4/18/2004,10/27/2005,740,8
757,27,<25,Post-graduate,Male,No,0,8/14/2004,9/3/2006,292,4
758,43,50-74,College,Male,No,2, , , , 
759,36,<25,Post-graduate,Male,No,0,4/4/2004,7/31/2006,955,9
760,48,75+,Some high school or less,Female,No,3,6/5/2004,6/5/2006,387,5
761,40,<25,Post-graduate,Female,No,0,9/12/2004,8/13/2006,565,5
762,47,50-74,College,Male,Yes,2,2/26/2004,7/4/2006,427,4
763,41,75+,Some high school or less,Male,No,0,7/1/2004,11/21/2005,597,6
764,17,<25,College,Male,No,0,4/6/2004,6/6/2005,208,3
765,47,50-74,Some high school or less,Female,Yes,2,3/29/2004,6/5/2005,425,4
766,31,<25,Some college,Female,No,0,8/9/2004,11/17/2005,258,3
767,38,50-74,College,Female,No,3,7/14/2004,7/8/2006,588,6
768,50,75+,Post-graduate,Female,Yes,0,6/26/2004,9/3/2005,702,5
769,33,75+,Some high school or less,Male,No,0,11/14/2006,11/14/2006,155,1
770,49,50-74,Post-graduate,Male,Yes,2,10/12/2004,10/2/2006,580,6
771,24,<25,Some college,Male,No,0,3/3/2004,8/5/2006,1011,9
772,53,50-74,College,Male,No,3,6/4/2004,7/8/2006,766,6
773,52,75+,High school,Male,Yes,2,7/22/2004,4/14/2006,643,6
774,45,75+,High school,Male,Yes,2,7/10/2004,11/4/2006,878,9
775,41,25-49,Some high school or less,Male,Yes,2,4/25/2004,10/30/2005,773,9
776,48,50-74,Some high school or less,Male,Yes,2,5/29/2005,5/25/2006,345,3
777,60,50-74,College,Male,Yes,3,4/6/2004,6/15/2006,291,4
778,27,25-49,Post-graduate,Male,No,0, , , , 
779,39,<25,Post-graduate,Female,No,0,10/1/2005,11/27/2005,655,4
780,47,25-49,High school,Female,Yes,2,3/7/2004,8/14/2005,556,4
781,29,<25,Post-graduate,Female,No,0,11/6/2004,8/7/2006,434,4
782,25,25-49,Some high school or less,Female,Yes,0,9/2/2004,12/27/2004,72,3
783,38,<25,Some college,Female,No,0,9/30/2005,1/6/2006,231,2
784,40,25-49,Some college,Male,No,0,7/15/2004,8/7/2006,601,4
785,23,<25,College,Female,No,0,2/27/2004,8/7/2006,359,3
786,31,<25,Some college,Male,No,0,7/20/2005,11/27/2006,248,3
787,49,75+,Some college,Female,No,0,7/8/2004,9/15/2006,195,2
788,16,<25,Post-graduate,Male,No,0,2/2/2004,11/11/2006,488,8
789,26,50-74,High school,Female,No,1,7/19/2004,3/7/2006,716,7
790,46,50-74,College,Female,No,2,5/20/2004,2/25/2006,289,4
791,42,75+,Some high school or less,Female,Yes,3,6/17/2004,6/8/2006,1184,10
792,55,75+,College,Male,Yes,2,2/27/2004,11/16/2006,782,9
793,39,75+,Some college,Male,No,0,4/5/2004,8/28/2005,420,6
794,54,75+,Post-graduate,Female,No,1,5/6/2004,11/9/2006,569,4
795,39,50-74,Post-graduate,Male,Yes,1,7/1/2004,4/24/2006,486,5
796,35,75+,Post-graduate,Female,Yes,1,5/22/2004,5/25/2005,510,6
797,46,75+,Some high school or less,Female,No,1,8/29/2005,9/9/2005,260,2
798,51,50-74,College,Male,Yes,2,1/25/2004,12/11/2006,460,5
799,47,50-74,Post-graduate,Female,No,1,4/16/2004,11/16/2005,840,9
800,55,75+,Some high school or less,Male,Yes,3,4/1/2004,8/3/2006,260,5
801,42,25-49,High school,Female,No,1,5/22/2004,8/6/2005,403,5
802,32,25-49,High school,Male,Yes,1,7/4/2004,3/8/2006,353,3
803,60,75+,Some college,Male,Yes,3,5/4/2004,7/14/2006,435,5
804,64,50-74,High school,Female,Yes,2,10/10/2004,8/7/2005,416,4
805,17,75+,High school,Female,No,0,9/9/2004,11/21/2005,442,4
806,42,50-74,Some college,Male,Yes,3,5/30/2004,10/20/2006,875,8
807,52,75+,Some high school or less,Female,Yes,2,5/27/2004,6/1/2005,316,3
808,48,25-49,Some high school or less,Male,Yes,2,5/15/2004,11/4/2006,532,8
809,36,50-74,College,Female,No,0,4/18/2004,4/26/2006,542,6
810,20,<25,High school,Male,No,0,5/8/2004,3/30/2006,453,8
811,43,75+,Some college,Female,No,3,4/7/2005,6/28/2006,1004,7
812,40,<25,College,Male,Yes,2,6/27/2004,8/26/2006,619,6
813,57,25-49,College,Female,No,1,4/30/2004,11/20/2006,465,6
814,34,50-74,College,Male,No,0,6/19/2004,9/9/2006,764,7
815,58,50-74,High school,Female,Yes,2,6/18/2004,3/2/2006,371,4
816,25,<25,Post-graduate,Female,No,0,8/13/2005,11/13/2006,473,3
817,30,25-49,High school,Female,No,0,4/14/2004,6/19/2006,724,8
818,64,75+,College,Male,Yes,3,3/2/2004,8/28/2005,203,4
819,17,50-74,Some college,Male,No,0,7/15/2004,9/21/2006,456,5
820,65,50-74,Some high school or less,Female,Yes,3,4/18/2004,10/26/2005,621,6
821,47,75+,College,Female,Yes,0,3/15/2004,10/24/2006,639,5
822,58,75+,Some college,Male,Yes,2,5/26/2004,10/4/2005,935,9
823,53,75+,Some college,Female,Yes,0,5/19/2004,7/11/2006,282,4
824,32,25-49,College,Male,No,1,5/17/2004,10/11/2005,536,5
825,53,50-74,Some high school or less,Female,Yes,3,5/18/2004,6/21/2005,284,5
826,53,25-49,High school,Female,Yes,2,6/29/2004,7/15/2006,1027,10
827,48,50-74,Some high school or less,Male,Yes,3,4/14/2004,8/31/2006,777,7
828,36,25-49,High school,Female,No,1,3/30/2004,12/9/2005,406,6
829,51,75+,Post-graduate,Female,Yes,2,10/4/2005,10/25/2005,230,2
830,37,<25,High school,Male,Yes,1,5/13/2005,7/2/2006,365,6
831,51,25-49,High school,Male,Yes,2,12/24/2004,7/6/2006,778,7
832,38,<25,Post-graduate,Male,No,0,7/3/2005,9/2/2005,187,2
833,34,25-49,Post-graduate,Male,Yes,1,4/27/2004,4/8/2006,548,5
834,49,75+,Some high school or less,Male,Yes,2,9/9/2005,10/30/2006,226,3
835,34,<25,Some college,Female,No,0,8/9/2004,9/25/2005,612,6
836,25,<25,Post-graduate,Male,No,0,5/16/2004,6/28/2006,575,4
837,48,75+,High school,Female,Yes,3,9/13/2004,9/7/2005,301,4
838,43,75+,College,Male,Yes,2,10/23/2005,7/13/2006,236,2
839,44,25-49,Some high school or less,Female,No,0,3/15/2004,9/16/2006,584,6
840,33,25-49,Some college,Male,Yes,1,7/12/2004,3/22/2006,370,4
841,57,50-74,College,Female,Yes,0,5/21/2004,8/3/2005,355,3
842,46,<25,College,Female,No,0,2/10/2004,5/21/2005,366,3
843,52,75+,College,Female,No,3,2/7/2004,6/24/2006,558,6
844,15,50-74,College,Male,No,0,8/21/2004,6/7/2006,1196,9
845,42,<25,High school,Male,No,0,10/21/2004,9/8/2005,82,2
846,37,50-74,Post-graduate,Female,Yes,0,7/6/2004,3/17/2006,489,4
847,58,50-74,High school,Female,No,2,4/7/2004,10/3/2006,161,4
848,44,25-49,Some high school or less,Female,Yes,2,4/21/2004,3/25/2006,653,7
849,20,<25,Some high school or less,Female,No,0,10/7/2004,6/7/2006,449,4
850,38,<25,High school,Male,No,0,6/14/2005,6/11/2006,442,3
851,60,25-49,College,Female,No,0,8/7/2004,9/6/2006,1007,9
852,53,75+,Some high school or less,Female,Yes,2,8/26/2006,8/26/2006,52,1
853,31,50-74,College,Male,No,0,5/8/2004,7/12/2005,331,3
854,48,75+,Post-graduate,Male,Yes,0,8/15/2004,9/16/2004,244,2
855,21,<25,High school,Male,No,0,7/7/2004,11/18/2006,1233,12
856,44,50-74,Some high school or less,Female,No,2,7/13/2004,10/17/2006,438,5
857,20,25-49,Some high school or less,Female,No,0,7/8/2004,9/30/2005,977,9
858,50,75+,Some college,Male,Yes,0,5/1/2004,4/25/2006,362,6
859,32,50-74,College,Male,No,1,7/22/2005,10/8/2006,237,2
860,36,<25,Post-graduate,Female,No,0,12/29/2004,8/30/2006,862,10
861,39,<25,Some college,Male,No,0,2/17/2004,11/20/2006,1062,10
862,49,75+,College,Female,Yes,2,7/16/2005,6/9/2006,472,6
863,33,<25,High school,Female,No,0, , , , 
864,16,<25,College,Female,No,0,6/7/2004,12/4/2006,186,2
865,31,<25,College,Female,No,0,2/17/2004,7/31/2006,406,5
866,49,50-74,Some college,Male,No,1,10/31/2004,1/11/2006,347,5
867,41,50-74,Some college,Female,No,1,3/12/2004,6/5/2006,433,6
868,31,75+,Post-graduate,Male,No,0,1/29/2005,12/24/2005,513,3
869,63,75+,High school,Female,No,1,5/7/2005,3/19/2006,275,4
870,48,50-74,Some high school or less,Female,Yes,2,3/24/2004,4/4/2005,343,3
871,25,75+,Some college,Male,No,0,2/14/2004,11/8/2006,1090,9
872,40,<25,High school,Female,No,0,3/1/2004,11/13/2006,494,6
873,29,<25,College,Male,No,0,3/6/2004,10/14/2005,495,5
874,53,50-74,Post-graduate,Female,No,3,3/11/2004,2/22/2006,730,5
875,45,75+,Some high school or less,Male,Yes,2,9/18/2004,2/13/2005,172,2
876,47,25-49,College,Male,No,1,8/24/2004,11/30/2006,806,8
877,31,50-74,Post-graduate,Female,Yes,1,9/8/2004,10/27/2005,826,7
878,46,75+,Post-graduate,Female,No,3,6/12/2006,6/12/2006,37,1
879,39,<25,College,Female,Yes,1,4/3/2005,7/16/2005,184,2
880,30,<25,Some high school or less,Female,Yes,0,6/9/2004,5/5/2006,636,7
881,37,<25,Post-graduate,Male,No,0,10/31/2004,7/12/2006,230,5
882,50,50-74,Some high school or less,Male,Yes,3,8/17/2004,9/21/2006,492,4
883,27,25-49,High school,Male,No,0,5/10/2004,9/24/2006,620,6
884,59,75+,Some high school or less,Female,Yes,0,5/10/2004,3/19/2005,489,4
885,24,<25,Some high school or less,Male,No,0,2/26/2004,4/24/2005,569,8
886,56,50-74,Post-graduate,Male,No,0,9/12/2004,7/30/2005,220,4
887,70,25-49,Some high school or less,Male,Yes,0,3/15/2004,11/18/2006,615,7
888,39,75+,Some high school or less,Male,No,0,3/20/2004,6/24/2006,347,3
889,37,25-49,Post-graduate,Male,No,0,9/6/2004,10/15/2005,687,6
890,35,75+,College,Male,No,0,7/14/2004,5/19/2005,384,3
891,53,25-49,College,Female,Yes,2,3/23/2004,6/28/2006,319,4
892,38,75+,Post-graduate,Female,Yes,0,2/1/2004,9/24/2005,922,9
893,33,25-49,High school,Male,No,0,11/19/2004,8/14/2006,447,5
894,37,50-74,Some college,Female,No,2,3/14/2004,5/20/2006,662,6
895,25,<25,Some college,Female,No,0,8/23/2004,1/2/2006,336,3
896,72,75+,Some college,Male,Yes,3,6/8/2004,7/10/2006,335,4
897,51,50-74,High school,Female,Yes,2,1/31/2004,7/24/2005,728,6
898,36,50-74,Post-graduate,Male,Yes,2,4/26/2004,7/24/2006,880,9
899,32,<25,Post-graduate,Female,No,0,6/15/2005,7/24/2006,316,4
900,49,75+,Some high school or less,Male,No,0,5/12/2004,7/3/2006,552,5
901,37,25-49,Post-graduate,Male,Yes,1,2/4/2004,10/11/2005,306,4
902,51,75+,College,Male,Yes,3,3/21/2005,12/6/2005,317,3
903,46,75+,College,Male,No,0,3/20/2005,6/21/2005,81,2
904,48,25-49,Some high school or less,Male,Yes,0,7/28/2005,8/18/2006,317,4
905,22,<25,College,Male,No,0,7/21/2004,5/21/2005,244,2
906,43,50-74,Some college,Female,No,1,5/9/2004,6/23/2006,642,6
907,58,25-49,High school,Male,Yes,0,7/26/2005,11/16/2005,218,2
908,32,25-49,Some high school or less,Female,Yes,2,3/9/2004,8/24/2006,751,7
909,39,<25,Some college,Female,No,0,12/1/2004,12/1/2004,23,1
910,110,75+,Some high school or less,Male,Yes,3,7/27/2004,8/13/2006,462,4
911,35,25-49,High school,Female,Yes,2,3/17/2004,1/13/2006,196,3
912,38,<25,Some high school or less,Male,Yes,1,9/23/2004,9/19/2006,651,7
913,54,75+,College,Female,No,2,9/26/2005,7/10/2006,268,3
914,59,50-74,College,Male,Yes,2,2/29/2004,5/13/2006,405,5
915,62,50-74,High school,Male,Yes,2,5/27/2005,9/28/2006,411,4
916,45,<25,High school,Female,No,0,5/19/2004,7/3/2006,574,4
917,44,75+,Post-graduate,Male,Yes,2,5/22/2005,4/7/2006,312,3
918,39,75+,High school,Male,No,0,5/26/2004,6/4/2005,872,8
919,56,25-49,Post-graduate,Male,Yes,2,1/20/2005,11/19/2005,566,6
920,46,75+,Some high school or less,Female,Yes,0,8/5/2004,7/11/2005,311,3
921,58,75+,High school,Female,Yes,3,5/20/2004,10/14/2005,694,5
922,45,75+,College,Male,Yes,0,5/6/2004,10/19/2006,673,6
923,39,25-49,Post-graduate,Female,Yes,2,2/15/2004,5/24/2005,641,5
924,52,<25,College,Male,No,0,6/1/2005,8/23/2006,529,6
925,45,75+,Post-graduate,Male,No,0,3/2/2004,7/6/2006,233,2
926,35,50-74,Some high school or less,Male,No,3,4/4/2005,8/7/2006,436,4
927,58,50-74,Some high school or less,Male,Yes,2,4/3/2006,5/21/2006,375,4
928,41,75+,Post-graduate,Female,Yes,0,3/29/2004,4/30/2006,703,7
929,43,75+,High school,Female,Yes,2,6/7/2004,7/17/2006,775,6
930,53,25-49,High school,Male,Yes,2,4/29/2005,9/21/2006,188,3
931,34,<25,Some high school or less,Male,No,0,7/16/2004,12/1/2005,277,5
932,42,75+,High school,Male,Yes,2,1/15/2004,9/29/2005,589,4
933,53,50-74,Post-graduate,Female,Yes,2,11/29/2004,6/24/2006,314,4
934,63,25-49,College,Female,Yes,0,5/31/2004,8/20/2006,708,5
935,59,25-49,Post-graduate,Male,Yes,3,7/15/2004,5/20/2006,532,5
936,59,75+,Some college,Female,No,1,5/11/2004,10/8/2005,603,7
937,34,50-74,College,Male,No,0,1/30/2004,11/24/2006,417,5
938,58,75+,Some college,Male,Yes,0,5/4/2004,7/10/2005,492,5
939,58,25-49,Some college,Female,Yes,2,9/8/2004,2/24/2006,599,5
940,50,50-74,College,Female,No,2,5/8/2004,8/2/2005,394,3
941,120,<25,High school,Male,No,0,6/6/2004,12/3/2006,363,5
942,55,75+,Post-graduate,Male,Yes,2,7/19/2005,5/17/2006,228,5
943,29,<25,Post-graduate,Male,No,0,5/30/2004,2/18/2005,358,3
944,19,25-49,High school,Female,No,0,7/10/2004,9/14/2006,723,8
945,47,25-49,College,Male,No,1,10/29/2004,5/9/2005,346,3
946,58,50-74,High school,Female,No,1,7/14/2004,7/16/2005,292,3
947,50,50-74,Some high school or less,Female,No,2,2/2/2004,4/12/2006,534,5
948,51,75+,Some high school or less,Female,Yes,0,8/26/2004,8/15/2006,500,5
949,35,<25,Some high school or less,Female,Yes,0,5/29/2004,5/27/2006,753,9
950,57,50-74,College,Male,Yes,2,5/25/2004,10/29/2006,775,8
951,46,75+,College,Female,No,1,8/14/2006,8/14/2006,82,1
952,59,75+,Post-graduate,Male,Yes,0,11/26/2004,12/22/2005,520,4
953,43,25-49,Some high school or less,Female,No,0,7/3/2004,11/10/2006,573,6
954,51,75+,College,Female,Yes,0,12/27/2004,3/24/2006,398,3
955,24,<25,Some high school or less,Female,No,0,4/22/2004,7/16/2006,448,6
956,54,50-74,Post-graduate,Male,Yes,2,5/30/2004,8/18/2005,237,3
957,54,50-74,Post-graduate,Male,Yes,2,2/28/2004,10/26/2005,566,5
958,46,25-49,High school,Female,Yes,2,6/3/2005,10/28/2005,529,3
959,56,25-49,Some high school or less,Female,Yes,0,7/10/2005,2/3/2006,264,3
960,57,50-74,Some college,Female,No,3,10/20/2004,10/6/2006,546,6
961,70,75+,High school,Female,Yes,2,4/29/2004,8/11/2005,166,3
962,46,75+,Some high school or less,Female,Yes,0,10/21/2005,1/5/2006,75,2
963,53,50-74,High school,Female,No,1,4/12/2004,10/15/2006,270,3
964,59,75+,High school,Male,Yes,2,7/25/2005,7/25/2005,38,1
965,35,25-49,College,Female,Yes,2,6/3/2005,6/3/2005,103,1
966,58,50-74,Some high school or less,Male,Yes,3,6/28/2004,3/30/2006,374,5
967,56,25-49,Some college,Female,Yes,0,1/20/2004,7/21/2006,236,4
968,56,75+,Some college,Male,Yes,2,4/2/2005,7/6/2006,459,3
969,50,50-74,College,Female,No,0,6/22/2004,4/7/2005,340,4
970,18,25-49,Post-graduate,Male,No,0,7/4/2004,5/18/2005,484,3
971,23,25-49,High school,Female,No,1,10/14/2004,5/20/2005,217,3
972,51,50-74,Post-graduate,Male,No,2,6/25/2004,6/10/2005,799,8
973,44,50-74,Post-graduate,Male,No,0,8/17/2005,9/29/2006,209,3
974,35,75+,College,Male,No,0,9/7/2004,7/22/2006,401,4
975,46,75+,High school,Male,No,0,10/8/2004,3/25/2006,622,6
976,40,25-49,High school,Female,No,0,10/23/2004,7/24/2005,681,6
977,45,75+,Some college,Female,No,1,12/4/2004,11/8/2006,229,4
978,32,<25,Post-graduate,Male,Yes,0,8/6/2004,7/27/2006,754,7
979,37,<25,College,Female,No,0,3/22/2004,10/27/2005,205,3
980,65,25-49,High school,Male,Yes,3,1/13/2005,7/13/2006,228,4
981,65,75+,Some high school or less,Female,Yes,0,12/23/2004,10/13/2005,175,2
982,24,<25,High school,Female,Yes,0,4/28/2004,4/26/2005,265,2
983,69,75+,Some college,Male,Yes,3,10/11/2004,12/3/2006,294,3
984,37,<25,College,Female,Yes,0,3/22/2004,11/4/2005,392,6
985,56,50-74,Post-graduate,Female,No,2,2/6/2004,6/26/2006,997,9
986,15,<25,High school,Male,No,0,3/23/2005,5/18/2006,251,3
987,53,75+,College,Male,No,0,6/6/2004,1/26/2006,425,4
988,25,<25,College,Male,Yes,1,3/3/2004,9/19/2006,1061,9
989,48,75+,College,Male,No,0,11/10/2004,7/2/2006,300,5
990,48,50-74,High school,Male,No,0,9/14/2004,10/8/2006,1118,10
991,26,50-74,High school,Female,No,1,2/27/2004,8/13/2006,313,6
992,30,<25,College,Female,No,0,1/16/2005,5/10/2005,467,3
993,54,50-74,High school,Male,Yes,2,9/12/2005,6/23/2006,143,2
994,33,75+,High school,Male,No,0,2/28/2004,7/20/2006,443,6
995,40,<25,Some college,Male,Yes,1,2/16/2004,12/16/2006,446,6
996,56,50-74,High school,Female,No,0,6/28/2006,6/28/2006,23,1
997,56,25-49,Post-graduate,Male,Yes,2,3/7/2004,3/18/2005,195,3
998,24,<25,Post-graduate,Male,No,0,8/25/2005,9/30/2006,97,2
999,52,<25,College,Female,No,0,1/31/2005,1/31/2005,185,1
1000,36,50-74,Some high school or less,Male,No,3,4/7/2005,7/29/2006,187,2
