Duration (in seconds),LocationLatitude,LocationLongitude,AW_1,AW_2,AW_3,AW_4,AW_5,ATT_1,ATT_2,ATT_3,USE_1,USE_2,USE_3,USE_4,USE_5,SE_1,SE_2,SE_3,PENJ_1,PENJ_2,PENJ_3,PENJ_4,PE_1,PE_2,PE_3,PE_4,PE_5,PE_6,EE_1,EE_2,EE_3,EE_4,PR_1,PR_2,PR_3,PR_4,SI_1,SI_2,SI_3,SI_4,FC_1,FC_2,FC_3,FC_4,BI_1,BI_2,BI_3,Age,Gender,Education,Field_Teaching,Text_Field,Experience,Open_ended,Q19
743,39.9664,-75.1685,4,4,2,4,4,4,3,3,3,2,3,2,3,3,3,3,3,3,4,4,3,3,3,3,3,3,3,3,2,2,3,3,3,3,3,3,2,3,3,2,2,2,3,3,3,4,2,4,3,,5,Depends upon how I useit,4
250,46.0367,-73.0588,4,4,3,3,4,4,3,3,4,3,3,4,3,4,3,3,4,3,3,4,3,4,3,3,3,4,3,4,4,3,4,3,3,4,4,3,3,3,2,3,3,3,2,3,3,1,1,2,7,,2,Pheraps,2
259,39.7458,-75.581,4,5,5,4,5,5,4,3,4,5,4,4,5,5,3,4,5,4,5,4,5,4,5,2,5,4,5,4,4,4,4,2,4,5,4,3,5,1,4,4,5,4,5,4,3,2,1,1,3,,3,I think it should be used as a source to help with papers but not used cheat ,2
415,43.6859,-79.3974,5,4,4,5,5,4,4,4,3,3,3,3,3,4,4,4,4,4,4,4,4,4,4,3,4,5,4,4,4,4,2,4,5,4,2,2,2,2,4,2,4,4,4,4,4,2,1,2,2,,3,It's something they are interested in and it shows that we are educators understand the technology and are still relevant.,4
436,45.5397,-122.9638,5,5,4,5,5,4,4,5,5,4,4,5,4,5,4,5,5,5,5,4,5,4,4,5,4,4,5,5,4,3,3,4,3,5,5,4,5,4,4,5,5,5,4,3,5,1,1,2,3,,3,Ai helps students be much more efficient in completing tasks and assignments.,1
162,40.6286,-73.939,5,4,3,4,4,5,4,3,4,3,2,4,4,5,4,3,4,3,5,5,4,3,2,5,5,4,4,5,3,4,5,3,2,4,4,5,3,4,5,4,3,4,5,3,4,1,1,1,5,,2,It will speed up the learning process,3
339,45.4169,-73.5006,3,2,2,2,3,5,2,2,1,1,1,1,1,4,4,3,2,2,2,2,3,3,3,3,2,2,1,1,1,1,5,5,5,5,2,2,2,2,1,3,4,4,2,2,3,2,2,3,9,,1,not sure in my field,4
317,46.0509,-71.944,4,3,5,5,3,4,3,5,4,5,3,4,5,3,4,5,5,4,4,5,4,5,4,5,5,4,4,5,5,4,5,4,5,5,4,4,5,5,4,5,4,5,5,5,4,2,1,2,3,,5,OK FOR ME.,1
227,45.5152,-122.4167,4,3,2,3,4,2,3,4,4,3,2,3,4,2,3,4,4,3,2,3,4,3,2,3,4,3,2,3,4,3,4,3,2,3,4,3,2,3,4,3,2,3,2,3,4,3,1,1,3,,4,I'm not sure,3
149,45.5934,-73.6418,5,5,4,5,5,4,5,5,4,3,3,4,3,4,4,5,4,5,4,4,5,5,4,5,4,4,5,4,4,3,4,2,2,2,4,4,5,4,5,4,4,5,5,4,5,1,2,1,4,,3,Do the repetitive tasks so I can focus more on the content,2
383,45.4995,-73.5848,5,3,3,5,5,4,3,3,1,1,1,1,1,5,5,5,2,3,3,3,3,3,2,3,3,3,5,5,5,5,5,5,5,5,3,2,1,1,5,5,5,5,2,3,1,2,2,4,1,,4,I don’t believe  it will.,4
504,49.1788,-97.9404,4,4,4,5,5,3,4,4,3,3,4,4,3,5,5,5,4,4,4,4,5,4,5,4,4,5,4,4,4,4,3,3,2,3,4,4,4,4,4,4,5,5,4,5,4,1,2,2,3,,4,I think students are interested in AI and they find it stimulating. It would make learning more fun and they will retain their focus longer,1
153,39.9216,-82.8664,5,4,5,4,5,5,4,5,5,4,5,4,5,5,4,5,5,4,5,5,5,4,5,5,4,5,5,4,5,5,5,5,5,4,5,4,5,4,5,4,5,5,5,4,5,3,1,2,2,,3,make learning fun ,3
283,41.7431,-72.6827,1,1,1,1,1,4,4,4,4,4,4,4,4,4,4,4,4,4,4,4,4,4,4,4,4,4,4,4,4,5,4,3,3,4,4,4,4,3,4,4,4,4,4,4,4,1,2,1,8,,3,"I do think that using generative AI tools in my teaching, can enhance student engagement in the classroom because it will help students to get automatic answers and details.",3
277,38.581,-121.4939,4,4,4,4,4,3,3,3,2,2,3,2,3,4,4,4,3,3,3,3,4,4,4,4,4,4,3,3,3,3,4,4,4,3,2,2,3,3,4,4,4,4,3,3,3,2,1,4,2,,5,Providing more intellectual information ,3
492,41.573,-75.4019,3,4,3,3,4,3,4,3,1,1,1,1,1,2,2,2,3,3,4,3,4,4,3,4,3,3,2,2,3,2,4,4,4,4,4,4,3,3,2,2,1,4,4,4,4,3,1,2,7,,5,It will take some work as many of my students aren't pc literate. I think most students will embrace it though so that they stay on top of their game.,4
310,37.3031,-78.409,4,4,4,4,5,2,2,1,1,1,1,1,1,4,2,2,1,1,1,1,1,1,1,1,2,1,4,4,3,4,4,5,5,5,1,2,3,1,2,2,4,4,1,1,1,2,1,4,1,,5,It can't -- I teach Creative Writing.,1
518,43.709,-79.4057,5,5,5,5,5,5,5,5,5,5,5,5,4,5,5,5,5,5,4,5,5,5,5,5,5,5,5,5,5,2,3,4,3,4,5,5,5,5,5,5,5,5,5,5,5,2,2,2,1,,5,They help students be more creative ,1
663,46.925,-71.3995,4,4,5,4,5,1,1,1,1,1,1,1,1,5,2,2,1,1,1,1,1,1,2,1,1,1,4,3,3,2,5,5,5,5,1,1,1,1,2,2,2,2,1,1,1,1,1,1,3,,3,"I don't think it is the capacity to enhance it, but just to make it worst",1
336,40.8596,-73.9316,5,4,4,5,5,4,2,2,3,2,4,1,3,5,5,5,4,5,5,2,4,2,1,4,5,4,5,5,5,5,5,5,5,5,3,3,4,4,5,5,5,5,2,2,1,1,2,1,6,,1,It would make things too simple for them,4
254,42.2904,-71.0712,5,5,5,5,5,5,5,5,4,4,4,5,4,5,4,4,5,5,4,5,5,5,4,5,5,5,5,5,5,1,1,1,2,1,5,5,3,5,5,5,5,5,5,5,5,2,1,3,3,,5,They will save us time and money I feel it will be very beneficial ,1
433,40.6832,-76.2113,4,4,4,4,4,3,3,4,3,3,2,3,3,4,4,5,2,4,4,2,4,2,4,2,2,3,4,4,4,3,5,5,5,5,2,3,4,2,4,4,3,3,3,2,3,1,2,2,4,,3,I think it would harm not help engagement ,4
256,50.4084,-104.6526,5,3,4,3,3,4,4,2,4,4,3,5,4,4,3,4,4,4,2,2,4,3,4,3,3,4,4,4,3,4,4,2,4,4,4,4,2,4,4,4,4,4,4,4,4,1,1,4,4,,2,By using tools and methods that enhance their engagement ,4
291,37.3371,-79.2815,5,5,4,5,4,2,5,4,4,4,4,3,4,4,5,5,5,5,4,4,4,5,5,4,5,5,4,4,5,4,2,2,1,3,4,4,5,4,4,5,5,4,5,4,5,1,1,3,4,,4,It can give them a clearer picture of the curriculum ,2
214,36.3402,-79.6622,5,5,5,5,5,5,5,5,5,4,3,4,5,5,5,5,5,5,5,5,4,4,5,4,5,5,4,5,4,4,1,4,4,4,5,4,4,4,4,5,4,4,4,4,5,2,2,3,7,,4,It could bring out more involvement within the social community,4
332,32.8679,-80.0468,4,5,4,4,5,5,4,4,3,3,4,3,4,5,4,4,5,5,4,4,5,4,4,4,3,4,3,4,4,5,5,5,3,4,2,4,3,3,4,3,4,4,4,3,5,1,1,1,4,,2,I think that the use of AI will enhance my teachings by allowing more information and accuracy in multiple areas at the same time through quick processing than the brain.,3
325,47.6901,-122.3747,5,4,5,5,5,5,5,4,4,4,5,4,4,4,5,4,4,4,5,5,5,4,4,5,4,5,5,4,4,2,5,3,4,5,4,5,4,5,4,4,4,5,4,5,5,2,1,1,4,,4,Orcale,2
277,34.1438,-117.2548,5,5,5,5,5,5,5,5,4,4,4,4,4,5,5,5,5,5,5,5,5,5,5,5,5,5,5,5,5,3,4,2,4,4,5,5,5,5,4,5,5,5,5,5,5,3,1,2,2,,5,It is an additional education tool to be utilized to help engage learning ,1
167,43.2642,-79.9143,5,4,2,4,3,4,5,4,4,5,4,5,5,4,5,4,4,5,4,5,5,4,4,5,4,4,5,4,5,4,4,5,4,4,5,4,4,5,5,4,3,4,5,4,3,1,1,3,5,,3,It can show kids new ways to do stuff. ,1
156,33.1909,-96.6198,4,3,3,4,4,5,4,5,5,5,4,4,3,5,4,3,4,4,4,3,5,5,4,4,3,5,5,4,4,5,4,2,4,5,5,4,3,3,5,3,4,4,5,4,4,1,1,1,4,,3,It Will help a lot and more,1
686,32.3886,-86.1691,1,2,5,5,5,5,4,4,5,3,4,5,4,4,5,4,4,5,4,5,4,5,5,4,5,5,4,4,5,4,5,4,5,4,5,4,5,4,4,5,5,5,4,5,4,2,2,1,4,,2,i love it,3
405,44.6283,-63.5928,4,4,3,4,5,3,4,4,2,3,3,1,4,5,4,4,3,4,5,3,3,4,3,3,5,4,2,2,2,2,5,5,5,5,4,4,3,3,2,2,3,4,4,4,3,3,1,4,2,,5,"Students are enthusiastic about AI, so I believe I must harness and direct that enthusiasm toward productive outcomes. ",1
182,28.5177,-81.4508,5,4,4,5,4,4,5,5,4,5,4,4,4,5,5,4,5,5,5,4,5,5,5,5,5,4,5,5,5,5,5,5,5,5,5,4,4,4,4,5,5,5,5,4,5,1,1,2,1,,4,It helps me build a better understanding,4
448,39.9357,-75.1832,4,4,3,2,5,2,2,3,1,1,3,1,3,4,4,3,3,4,3,2,3,2,2,2,1,3,4,4,4,5,3,5,5,4,2,2,2,1,4,3,3,4,2,3,2,1,2,1,1,,2,Ai could possibly be useful for formatting lessons in ways that are less straining or more interesting to the minds of students.,3
316,45.6128,-73.6186,3,2,2,3,2,2,4,4,3,4,3,3,3,4,5,5,4,5,5,5,3,4,4,4,4,4,4,4,4,4,4,4,4,3,3,4,3,3,3,4,4,5,3,5,5,1,2,,11,,1,Kids love technologie that would be a great start to get their intentions.,4
171,49.1836,-123.1164,2,2,2,3,2,2,3,2,5,2,3,2,2,3,2,2,2,3,2,3,2,2,3,2,2,2,2,3,2,3,2,3,2,2,2,3,2,4,2,3,2,2,3,2,3,2,2,4,4,,4,Im not planning on using it ,1
433,44.4312,-81.386,2,2,2,2,2,4,4,4,2,2,2,2,2,3,3,3,3,3,3,4,4,4,4,3,3,3,3,3,3,3,4,3,3,4,3,2,2,2,1,1,1,1,3,4,4,1,2,,11,,4,I am not sure yet since I haven't had the chance to explore it.,3
469,45.5708,-73.6529,4,5,4,5,3,4,5,5,5,4,5,5,4,4,5,4,4,5,3,4,4,4,5,3,2,5,4,5,4,5,3,3,4,1,2,3,3,4,3,4,3,4,3,2,3,1,1,2,2,,4,It would save alot of time and it will give more info quicker,1
173,41.7697,-87.6985,3,3,2,2,3,4,4,2,1,1,1,1,2,4,3,4,3,4,4,4,4,3,4,3,4,4,3,3,4,5,4,3,4,5,4,4,4,4,4,3,3,4,4,4,5,1,2,2,3,,3,None ,3
425,53.7121,-122.8568,4,5,4,3,4,5,5,5,3,1,3,1,4,4,3,4,5,5,5,5,5,5,5,4,4,5,4,5,5,4,4,2,2,4,2,2,2,2,2,1,4,2,5,5,4,1,1,2,2,,2,"it is no different then levergaing the internet. Students will still have to think creatively and learn to analyze, they just have more computiong power now. They will be able to find more tailored information. They will still need to verify it for factual reporting.",2
162,40.0711,-75.2051,5,4,5,4,4,5,4,4,5,4,5,4,5,5,5,5,5,4,4,5,4,4,5,4,5,4,5,5,4,5,5,4,5,5,4,5,4,5,5,4,4,4,5,4,5,1,1,1,2,,4,They can help to clarify answers and do research ,1
532,43.64,-79.433,4,4,4,4,4,5,5,4,3,3,4,3,4,3,4,4,4,4,4,4,4,4,3,4,4,4,4,4,5,4,3,4,4,4,3,4,2,2,2,2,2,3,4,4,5,1,2,1,4,,1,By providing a fresh perspective of teaching experience ,4
659,49.8882,-97.1794,4,4,4,4,4,3,3,3,4,3,3,4,2,4,3,4,3,4,5,3,4,4,4,5,3,3,3,3,3,2,4,5,5,5,2,2,2,2,3,2,3,3,4,4,4,1,1,4,1,,3,"Generative AI provides opportunities for student to improve their own writing by critiquing AI outputs, particularly regarding fabricated information and attributions as well as detecting bias",4
421,39.1164,-77.7802,4,3,4,4,4,4,4,4,3,4,3,3,4,4,3,4,4,5,4,4,4,4,4,4,4,4,3,3,3,2,4,4,4,4,3,4,3,3,4,2,4,4,4,4,4,2,1,2,1,,5,We live in a society that expects immediacy and Generative AI tools help provide that. ,1
875,25.9436,-80.2264,5,5,4,3,2,5,1,5,5,3,4,5,3,5,5,4,3,4,5,3,5,2,1,3,4,5,4,4,4,2,5,5,2,5,5,3,5,5,5,2,3,4,5,3,3,2,1,1,2,,2,It will allow students to open up more with confidence ,3
209,45.5154,-73.5822,4,4,3,4,5,3,3,4,2,3,3,2,2,3,4,4,4,4,3,4,5,4,4,3,3,4,3,4,3,2,4,3,4,4,4,4,3,4,4,4,3,4,2,3,4,1,1,3,4,,3,,1
215,33.9249,-117.4592,4,4,4,4,5,2,2,2,2,2,2,1,2,5,4,5,3,3,2,2,2,2,2,2,3,3,4,4,5,5,4,4,5,5,4,3,1,1,4,2,4,4,1,1,1,1,1,4,4,,4,Generative AI tools would actually detract from the engineering material I teach and would not encourage student motivation and original creative and critical thinking,1
299,40.7297,-73.8163,4,4,4,4,4,5,4,3,3,4,5,3,4,4,3,5,5,4,5,3,3,4,2,5,5,3,2,3,2,4,4,5,2,1,3,1,5,4,5,4,4,3,3,2,3,2,1,1,3,,3,yes most definatly,4
283,43.6426,-79.4002,2,2,2,2,1,2,1,1,3,3,4,4,4,4,4,4,4,4,3,3,4,4,4,4,4,4,3,3,4,2,5,4,5,4,3,3,4,3,3,2,3,4,4,4,4,1,1,4,6,,2,Overall students should benefit from the new technology however there needs to be a limit in which how much we rely on these technologies ,2
261,41.2581,-95.9325,4,4,4,4,4,4,4,4,3,3,3,2,3,4,4,4,4,4,4,4,4,4,4,4,4,4,4,4,4,3,5,4,4,3,3,3,3,3,4,4,4,4,4,4,4,1,1,1,5,,3,It can help cut down the time to research and come up with new ideas ,1
488,26.9146,-82.0559,5,4,5,4,5,5,4,5,4,5,4,4,5,5,4,4,5,4,5,4,5,4,4,5,4,5,5,4,4,2,2,4,5,4,5,4,4,5,5,4,5,4,5,4,5,1,2,2,4,,5,We can improve the speed and accuracy of retrieving teaching materials in teaching.,1
315,45.4915,-73.3989,4,5,4,4,5,4,5,4,5,4,3,4,4,5,4,4,4,5,4,4,5,4,4,5,4,5,5,4,3,4,5,4,4,4,5,4,4,5,5,4,4,5,4,5,4,1,1,3,4,,2,BY INTERGRATING IN OUR CURRICULUM,1
739,29.5183,-95.0977,5,5,4,4,5,5,4,5,4,2,4,5,5,5,5,4,5,5,4,5,5,4,5,5,5,5,5,4,4,1,5,4,5,2,5,4,5,5,5,4,5,4,5,5,5,1,2,3,4,,5,"AI can produce resources like exercises, examples, questions, quizzes, and eBooks. Accessing a variety of learning materials can help students enhance their comprehension and engagement.",1
187,43.8678,-79.442,4,4,5,4,4,4,4,4,4,5,4,4,3,4,3,4,4,3,4,4,3,2,3,3,4,3,4,3,2,4,4,4,5,3,4,4,3,3,4,1,4,4,3,3,4,2,1,4,4,,3,"Good,",1
447,37.0453,-76.3404,4,4,4,4,4,3,4,4,1,1,4,1,4,4,3,4,3,5,5,3,4,4,5,3,4,5,4,4,4,3,4,5,5,4,1,1,1,1,3,1,3,3,1,1,1,3,2,2,7,,5,"For weekly announcements. To  help understand directions, rubrics, and assignments. ",4
440,41.945,-87.7996,5,5,5,5,5,4,5,5,4,4,5,4,5,5,5,5,5,5,5,5,5,5,5,5,5,5,5,5,5,5,5,4,4,4,5,5,5,5,5,5,5,5,5,5,5,2,1,4,4,,5,Make it easier for them to comprehend complex things,1
298,36.122,-115.086,4,5,4,5,4,4,4,4,4,3,3,3,3,5,5,4,4,4,3,4,5,4,4,5,4,4,4,4,4,3,4,4,2,4,2,4,3,3,4,4,4,3,4,4,4,2,1,2,2,,4,I use it for related topics and readings.,1
413,35.7767,-90.7694,5,5,5,5,4,5,5,5,5,5,5,5,5,5,5,5,5,5,5,5,5,5,5,5,5,5,5,4,5,4,4,1,1,1,3,4,3,2,5,1,5,4,5,5,5,2,1,3,1,,5,"Help with organizatio, research, fact checking, prioritization, suggestions, common and novel current practices",1
644,41.6244,-93.6694,4,4,4,4,4,4,5,5,4,4,4,4,4,4,4,4,4,5,4,4,4,4,4,4,4,4,4,4,4,2,4,4,4,4,3,3,2,3,3,2,2,2,4,4,4,3,1,2,1,,5,"Students love AI tools. They instantly become engaged when it is mentioned that AI tools are involved with the lesson/topic. The novelty may not last long, but currently students are eager to be involved with AI tools in the classroom.",4
236,40.7143,-111.8894,5,4,4,5,4,5,4,4,3,3,4,2,4,5,5,4,5,5,4,4,5,5,5,4,4,5,4,4,5,3,2,3,1,2,4,5,4,4,4,4,5,5,5,5,5,1,1,2,7,,2,I feel like it can really help me study and learn more about what I need to do and how it can help me ,3
320,45.3004,-75.9213,4,4,4,4,4,5,5,4,3,4,4,4,5,5,5,5,5,5,5,5,4,5,5,5,4,4,4,4,4,2,2,5,5,4,4,4,4,5,4,3,4,5,5,5,5,1,1,2,2,,4,I think it will allow me to reasearch and find information far more easily which will allow me to portray information quickly and accurately to my students.,1
216,41.7697,-87.6985,2,2,3,4,4,3,2,4,4,4,3,3,3,4,3,2,2,2,2,2,4,3,2,1,3,3,3,4,4,4,4,4,4,4,3,4,4,4,3,3,4,3,3,2,4,3,1,2,3,,4,Yes i do,3
390,42.2593,-84.7656,2,2,1,1,2,3,3,3,1,1,1,2,2,2,2,2,4,4,3,3,3,3,3,3,3,4,4,3,4,2,3,3,3,4,2,2,3,2,1,2,2,3,3,4,3,1,2,2,1,,3,I think the idea of new technology excites anyone ,4
294,37.7825,-122.435,2,2,3,3,1,4,4,3,3,4,2,3,3,2,2,3,2,2,2,2,3,4,3,4,3,4,2,2,3,3,1,3,4,4,3,3,2,4,4,4,3,4,2,2,3,1,1,3,5,,3,I think it’s cool to use AI as a tool to help preparing teaching materials. The thing I most concern about is that students may start rely more on the AI to the help them learning which would decrease the engagement and become a passive learning style as suppose to an active learning style. ,2
175,43.7032,-79.5293,5,5,5,5,5,5,5,5,5,5,5,5,5,5,5,5,5,5,3,3,5,4,3,4,5,4,4,3,4,3,5,4,4,4,4,3,5,4,4,3,3,4,4,5,3,1,2,2,2,,2,I like them,1
259,47.8302,-122.3331,5,4,4,5,4,5,3,5,2,1,1,1,4,4,4,4,4,5,4,4,5,4,4,5,5,5,5,4,4,5,5,5,5,5,2,1,2,1,2,2,4,4,4,5,5,1,2,3,4,,3,I think the use of Generative AI tools can increase student creativity and brainstorming skills which can increase their engagement with their learning material in the classroom.,2
426,37.2899,-77.29,4,4,3,4,4,5,5,4,3,3,5,3,4,4,4,5,5,5,5,5,4,4,5,3,5,5,4,3,4,3,3,3,2,2,2,3,3,3,3,2,4,4,5,5,5,3,1,4,3,,5,For the most part but so many people aren't as trusting of it as I am.,1
244,39.9401,-82.8965,5,5,5,5,4,5,5,4,3,5,4,5,4,3,5,2,5,5,5,5,4,5,4,5,5,4,5,5,4,5,5,5,5,1,5,5,4,4,5,5,5,4,5,4,5,1,2,1,5,,2,It helps me and the teachers actually understand what the kids are being taught and what we teach the students is something’s were also learning,1
373,36.3402,-79.6622,2,3,3,5,3,2,3,2,3,4,3,4,4,3,3,2,3,1,2,4,3,1,3,2,4,3,4,5,5,5,1,2,2,2,3,3,3,3,5,5,4,5,5,4,5,1,2,,2,,3,I’m literally using AI to will make the kids were interested in being in class gives him something more to work with more tools and more technology for the new learn it better than the future,3
263,46.0965,-64.8007,4,4,3,3,4,4,4,5,5,5,5,5,5,5,5,5,5,5,5,5,5,5,5,5,5,5,5,4,4,4,4,4,5,5,4,4,4,4,3,2,2,2,4,4,4,1,2,1,5,,2,Education should evolve with the times. Students now know how to use it so ensuring they are aware of the dangers as well as the uses is important.,4
742,41.2969,-95.9674,5,5,5,5,5,5,5,5,2,1,3,3,2,5,5,5,3,5,5,5,5,3,5,5,5,5,4,3,3,3,5,3,3,4,5,1,3,3,5,2,4,3,2,3,2,1,1,,11,,5,Making it more personal each person should have there own avatar,4
762,37.2555,-80.0531,4,4,4,5,4,3,3,3,3,2,4,3,3,4,3,4,4,3,4,3,3,4,4,3,4,4,3,4,4,4,3,3,3,3,3,4,4,4,3,4,3,4,4,3,4,1,1,1,4,,3,"If done right, it could allow for better collaboration in coding",4
401,40.3172,-74.4304,4,4,4,4,4,3,3,4,2,3,2,3,4,5,5,5,3,4,4,4,3,4,4,4,3,4,4,4,4,4,3,3,2,3,3,3,3,3,4,3,4,4,3,3,3,4,1,2,8,,5,"I TEACH IN AN ONLINE ENVIRONMENT, SO AI TOOLS WOULD ENHANCE.",4
708,50.429,-104.5341,2,1,3,2,3,4,1,1,1,1,1,1,1,3,3,1,1,1,1,1,1,1,1,1,1,1,3,3,3,3,5,4,4,5,1,1,1,1,1,1,1,1,1,1,1,1,1,3,3,,5,It won't ,3
1230,38.5423,-89.9588,4,4,4,3,4,3,4,3,3,3,2,3,2,5,3,4,4,3,4,4,4,3,4,4,3,3,3,4,4,3,4,4,3,4,2,4,3,4,4,3,4,3,4,4,4,1,1,4,6,,5,The possible to generate better pot slide and image ,3
2301,40.793,-74.0247,5,5,5,5,4,5,5,5,3,3,4,3,5,5,5,5,3,5,4,4,3,3,3,3,3,5,5,5,5,1,3,4,4,4,1,1,1,1,5,3,4,5,3,3,3,1,1,1,4,,3,,3
389,43.7489,-79.4422,5,5,4,4,5,1,2,3,2,2,2,2,2,5,5,5,2,2,2,2,2,2,2,2,2,3,3,2,2,1,5,5,5,5,1,2,1,1,4,3,2,2,1,2,2,1,2,4,5,,3,I’m not sure they coul,4
561,51.0406,-114.0764,4,4,4,5,4,2,3,2,3,3,4,3,4,4,4,4,4,5,4,4,4,4,4,4,4,4,4,4,4,2,2,4,4,4,4,4,4,4,2,4,4,4,4,4,4,3,2,1,7,,3,They will become more confident and have the ability to succeed in the future.,4
198,46.3978,-63.7825,4,4,2,2,2,3,2,3,2,3,3,3,4,4,3,4,2,3,3,5,2,1,2,4,4,2,4,4,3,3,4,3,3,4,2,4,4,2,4,4,3,2,4,3,3,2,2,2,11,,3,Easily,1
205,43.8189,-71.059,5,5,5,5,5,5,5,5,4,3,3,3,3,4,3,3,5,4,4,4,5,5,5,5,4,4,5,5,5,4,4,5,4,4,3,3,3,3,4,4,4,4,4,4,4,1,2,1,3,,2,students may be more eager to try these things out as its new and exciting,3
212,35.1996,-84.8525,2,3,1,3,3,3,1,3,3,3,1,5,4,1,2,3,2,3,1,4,4,4,3,3,4,2,2,3,4,1,4,3,2,4,3,2,3,4,4,3,1,4,5,3,4,1,1,1,4,,3,I think more hands on learning is ideal for our future.,2
1785,52.1413,-106.6076,4,5,4,5,4,4,5,4,2,3,3,3,2,4,5,4,4,3,3,4,4,3,4,4,3,5,4,3,4,4,4,4,3,5,4,3,3,2,4,3,4,3,4,3,5,1,1,2,2,,2,These days students are interested in technology so using AI is one of the things that attracts them,3
130,39.1094,-84.5718,4,2,3,3,3,2,4,2,4,4,4,4,5,4,4,3,4,4,4,4,5,4,4,4,4,4,4,5,4,3,5,2,4,4,3,4,3,5,4,4,3,4,5,4,2,1,1,1,8,,3,Exceptional service ,2
294,45.5191,-73.462,4,4,4,4,4,4,4,3,3,2,2,3,2,4,4,4,3,3,3,2,3,4,3,3,2,3,3,3,3,4,5,3,4,3,2,3,3,3,4,2,2,3,3,2,2,2,1,2,5,,5,GOOD OR BAD WE ARE NOT YET THERE,2
261,43.2262,-79.8621,4,4,3,4,3,3,3,4,3,3,2,3,3,3,3,3,4,4,3,3,3,4,4,3,4,4,3,3,4,3,3,3,3,3,5,4,4,5,3,3,5,3,4,4,3,1,1,3,7,,3,its the future so i think everyone should learn how to use it and understand it ,3
279,38.9307,-77.1673,4,4,4,5,4,3,3,4,1,1,1,1,1,3,3,3,2,2,2,3,2,3,3,3,4,3,2,2,3,3,5,5,5,5,3,3,4,3,3,2,2,2,2,2,2,3,1,4,5,,5,It may aid in background research,1
402,45.5599,-73.5691,5,5,5,5,5,5,5,5,4,4,5,4,4,5,5,5,5,5,5,5,5,5,5,5,5,5,5,5,5,5,4,4,5,4,3,5,5,5,5,5,5,5,5,5,5,2,1,2,4,,5,Students always use Generative AI for learning process ,1
340,45.7283,-73.7071,4,4,3,3,4,4,4,4,3,3,3,4,4,4,3,4,4,4,3,4,4,4,4,4,3,4,4,4,4,4,3,3,3,2,3,4,4,3,4,4,4,4,4,4,4,1,2,3,3,,5,More interactive and fun for student,3
204,38.3792,-75.6307,4,5,4,5,4,4,3,5,4,5,4,5,4,4,5,4,4,4,3,5,4,5,4,5,5,4,4,5,4,1,3,2,1,1,5,4,5,4,5,5,5,5,4,5,3,2,1,2,3,,5,It would help them focus on leadership skills in the industry ,1
413,48.7808,-123.7037,4,4,4,4,4,2,4,4,3,3,4,2,4,4,4,4,4,3,4,4,3,4,4,3,4,4,4,4,3,4,4,4,3,4,4,4,4,2,4,4,2,4,3,4,3,3,1,2,1,,5,"Using AI  they can use computers to help put together pieces of history from a great many sources and help formulate a reasonable hypothesis of events , quicker and more efficient than by hand",1
578,43.8018,-79.3581,4,4,3,2,3,3,4,3,2,2,1,2,2,2,2,4,3,4,3,3,4,4,4,3,4,4,3,3,3,3,4,4,3,3,3,3,4,3,2,1,2,2,3,4,4,2,2,3,5,,5,Help generate order in structure of research and search strategies,3
154,32.7368,-96.9068,3,3,3,3,3,2,3,3,1,1,1,1,1,1,3,3,1,1,3,3,1,1,1,3,3,3,1,1,1,1,5,5,5,5,1,1,1,1,1,3,3,3,1,1,3,2,2,1,3,,5,It wont,1
333,32.2871,-90.2306,4,3,2,3,4,2,3,2,2,2,2,1,1,4,4,4,2,2,3,2,3,3,3,3,4,3,4,4,4,4,4,5,3,4,3,3,3,3,4,2,3,4,3,3,3,2,2,3,8,,5,by providing real-time student data on assessments and recommending course of action for remediation,4
262,43.1234,-77.7334,1,1,1,1,1,3,3,3,1,1,1,1,1,4,4,2,3,2,3,2,3,3,3,3,2,3,3,3,3,3,4,4,5,4,3,3,3,3,2,1,2,1,1,1,1,2,1,2,1,,3,I am not very familiar with Generative AI Tools,4
284,42.3465,-85.2185,4,4,4,3,3,4,5,3,4,4,4,3,4,4,4,3,4,4,4,4,4,3,5,4,3,4,4,4,4,4,4,4,4,4,4,4,3,4,2,2,2,3,4,4,4,1,1,1,2,,2,Get students to ask more insightful questions ,3
358,40.7641,-74.1654,4,4,4,4,4,5,5,5,4,4,4,4,4,4,4,4,5,5,4,5,4,4,5,4,4,5,5,4,4,4,5,5,5,5,4,5,5,5,5,5,4,4,4,5,5,2,1,2,4,,4,"This tool helps me beyond measure, it helps me throughout the day ",2
587,25.9436,-80.2264,3,3,3,3,5,4,4,4,3,3,4,3,4,4,4,4,3,4,4,4,4,4,4,4,4,4,3,3,4,4,4,4,3,2,4,4,5,5,3,3,4,4,5,5,5,4,2,2,5,,5,It will allow for better use of time as AI takes a majority of contextual work.,4
268,33.3661,-111.9345,3,3,4,5,2,2,2,2,5,3,2,4,4,3,5,4,2,4,5,5,3,3,4,3,1,1,3,4,2,4,4,4,5,4,3,4,2,5,2,3,1,4,3,4,4,1,1,2,5,,4,It saves time.,2
423,49.9514,-97.1133,5,5,4,4,4,4,3,3,3,3,3,3,3,4,4,4,3,3,3,3,4,3,3,3,4,4,5,5,5,5,5,5,5,5,3,2,4,1,4,3,4,4,4,4,4,2,2,4,2,,5,I'm not sure that my answer is the one who seem to be hinting at wanting. We are divided both within my department and across other departments in evaluating the necessity of increasing AI. ,1
322,38.6096,-121.4443,5,5,4,5,5,4,4,4,4,4,4,4,4,5,4,4,4,5,4,4,5,4,5,4,5,5,4,5,4,4,3,3,4,3,4,4,4,4,4,4,5,5,4,4,4,2,1,1,7,,2,It could answer simple questions that individuals may have and reduce rime spent on simple tasks,4
250,32.5618,-88.8777,3,2,2,1,2,5,1,3,4,3,2,2,4,3,2,2,3,1,2,4,4,2,2,4,2,2,4,2,2,3,5,2,2,4,4,3,2,2,3,2,5,1,4,2,2,1,2,1,6,,4,i like it ,1
261,33.8019,-84.3861,4,5,4,5,5,4,4,4,5,4,4,3,4,5,4,5,4,4,4,5,5,4,5,5,4,4,5,5,4,4,5,5,4,4,4,4,5,4,5,5,4,5,5,4,4,2,2,2,2,,2,AI help students prepare for exams ,4
375,33.9422,-118.0347,4,4,4,4,4,1,1,3,1,1,1,1,1,5,4,3,3,3,3,1,1,1,3,1,1,1,5,5,5,5,3,5,5,5,1,1,3,1,2,1,4,3,1,1,1,3,1,4,6,,5,Students prefer to interact with humans and human-generated content.,1
197,28.8064,-81.8869,5,5,5,4,5,5,5,4,5,4,5,5,4,5,5,4,5,5,5,4,4,5,5,5,4,5,4,5,5,2,1,2,1,1,5,4,5,5,5,5,5,4,4,5,5,2,1,2,4,,3,Chat gpt is the future to teach and learn,3
134,34.4179,-117.3064,3,4,3,3,4,3,2,3,3,3,3,3,3,2,2,2,3,2,3,3,2,3,3,3,3,2,3,2,3,3,2,3,3,3,2,3,3,2,2,3,3,2,2,3,3,1,2,3,3,,4,Have no idea,4
368,31.7703,-106.3006,4,4,2,3,4,2,3,4,1,3,1,1,1,2,2,4,5,4,4,4,2,4,1,1,4,4,4,3,3,2,4,5,4,5,3,2,2,2,2,2,2,2,4,4,4,1,2,2,1,,1,I teach poetry and it's fun to give bing chat gpt the same in class prompt as the students.,4
162,42.1297,-80.0624,5,5,5,5,5,5,5,4,4,4,3,4,4,5,5,4,5,5,5,4,5,5,4,4,5,5,3,5,5,5,1,1,2,2,5,5,4,4,5,5,4,5,5,5,4,2,2,1,4,,3,If you have any questions or concerns please feel free ,1
513,43.7922,-79.1523,5,3,4,4,5,5,4,4,5,4,5,5,5,4,3,4,5,4,4,5,5,2,5,5,5,5,5,5,4,2,5,4,5,4,5,5,5,3,5,4,3,5,4,5,4,1,2,3,5,,2,Limit the use but use it for fun ,3
168,41.8883,-87.7613,4,4,4,4,4,4,4,4,3,4,3,4,4,4,3,4,4,4,4,4,3,3,4,4,4,4,4,4,3,4,4,4,4,4,4,4,4,4,3,4,4,4,4,4,4,1,1,1,8,,2,It can help them better understand the lesson that is being taught ,1
380,43.9228,-78.8693,4,4,5,4,4,4,4,5,5,4,3,4,4,4,4,5,4,5,3,4,5,4,4,5,4,5,4,4,4,4,5,4,4,4,4,4,3,4,4,4,5,4,3,5,4,1,2,1,8,,3,It can make creative project for student to to do in class which can be beneficial for incorporating several components of the curriculum. ,1
285,45.1563,-113.8886,4,4,4,4,5,5,5,4,4,3,4,3,4,4,4,4,5,5,5,5,5,4,5,4,3,5,5,5,5,5,4,4,4,4,4,4,4,4,5,4,4,4,5,5,5,2,1,2,2,,4,It’ll get them too be more involved and hands on if they have more confidence,1
301,41.9215,-87.6446,5,5,4,5,5,4,3,2,1,1,4,3,4,3,3,4,3,4,2,2,4,3,3,3,2,3,4,4,3,1,5,5,5,5,2,2,2,1,4,4,5,4,2,3,3,2,2,3,2,,2,"I think that using generative AI to create ""gamified"" assignments that encourage student engagement with the material and promote healthy competition could help to create more retention and understanding.",4
109,43.5639,-79.7172,4,4,4,4,4,4,4,4,4,3,3,4,4,4,3,4,4,4,3,4,4,3,4,2,5,3,5,3,4,4,4,5,4,4,5,4,3,4,5,2,4,4,4,3,4,2,2,2,8,,4,It saves time ,3
186,43.648,-79.4141,4,4,4,2,3,1,1,1,1,1,1,1,1,3,2,1,1,1,1,1,1,1,1,1,1,1,4,5,4,4,3,5,5,5,3,2,4,2,2,1,4,2,1,1,1,1,2,2,5,,2,I really don't see a benefit,4
607,33.8019,-84.3861,1,3,3,4,3,2,4,4,2,2,2,2,2,2,5,3,3,2,2,2,3,4,3,4,4,4,4,4,4,4,3,3,4,4,2,1,1,1,3,2,2,2,4,3,3,1,1,1,1,,3,I dont think it willl,4
419,29.675,-95.486,3,4,5,5,4,5,5,5,4,4,3,4,4,4,4,4,5,4,5,5,4,4,5,5,5,4,4,4,4,4,4,4,4,4,4,1,4,5,4,4,4,5,4,5,5,2,2,2,2,,3,Very good ,2
364,42.5144,-90.693,5,4,4,3,4,2,3,2,1,2,1,1,2,5,4,3,3,4,3,2,3,2,2,3,1,2,4,4,4,3,5,5,5,4,4,1,3,1,3,1,1,4,2,1,2,2,1,2,1,,5,I think it could be beneficial in generating immediate feedback in asynchronous online courses.,2
266,43.4325,-80.4995,2,2,1,2,1,1,2,1,2,2,3,4,3,4,5,4,4,5,4,5,5,5,4,4,5,5,4,5,4,4,5,5,4,4,2,2,2,4,4,2,4,3,4,4,3,1,1,4,9,,2,It could streamline the learning system and help tailor a system best suited to my students needs.,1
235,32.7368,-96.9068,3,2,3,2,4,1,1,1,1,1,1,1,1,4,3,3,1,1,2,1,1,1,1,1,1,1,3,3,3,4,4,5,5,5,2,2,2,1,3,3,3,3,1,1,1,1,1,4,1,,5,I don’t ,2
227,46.8743,-71.2803,2,4,3,2,2,2,2,2,1,1,1,1,1,1,2,2,2,2,2,2,3,3,2,2,3,2,1,2,2,3,4,4,4,5,2,2,2,2,4,2,3,2,2,3,2,1,2,3,3,,5,Its easy for them to find answers,3
290,26.5331,-80.1423,4,4,3,5,5,4,4,2,3,2,4,3,3,4,4,4,3,4,5,2,4,4,4,4,2,4,1,2,2,2,5,5,5,5,3,4,3,3,4,2,4,5,4,4,4,2,1,3,9,,5,"I am not sure yet, it is too new",2
263,40.0364,-75.2219,5,5,5,4,5,4,4,4,4,4,3,2,2,5,5,5,4,5,5,4,5,4,4,4,5,3,4,4,5,3,5,4,3,5,3,4,3,5,4,2,4,4,5,4,5,2,2,4,7,,5,"I see it as a way of helping them develop critical thinking and evaluation tools, and it is very useful to do this as a collaborative activity.",4
440,42.3531,-71.0958,4,4,4,3,4,4,4,4,3,2,3,2,3,4,3,4,4,4,4,4,4,4,3,4,4,4,4,4,4,4,5,5,5,5,3,4,4,4,4,4,4,4,4,4,4,2,2,4,6,,5,It’s modern and they can do many tasks using it. ,1
315,30.7131,-88.0857,5,5,5,5,4,5,5,5,4,4,4,5,4,5,4,5,5,5,5,5,5,5,5,5,5,5,5,5,5,5,2,3,3,3,4,5,4,5,5,5,4,5,5,5,5,1,1,3,7,,5,The ability to show my students in actual form is amazing. ,3
162,43.4051,-79.7214,4,4,4,4,4,4,4,4,3,4,4,3,4,4,4,3,4,4,4,4,5,5,4,4,4,4,5,4,5,2,4,2,2,3,3,3,3,4,4,4,4,4,5,5,5,2,2,2,4,,4,Innovative ,1
212,49.1906,-122.9344,3,3,2,3,4,3,3,3,3,2,2,2,3,2,3,3,3,2,2,2,3,3,2,3,3,3,2,2,2,2,4,5,5,4,3,3,3,3,2,1,2,3,4,3,4,2,1,2,1,,5,It can make assessment feedback an ongoing and more rapid process,4
475,43.9282,-105.5492,5,5,5,4,5,5,5,5,4,5,5,5,5,5,5,5,5,5,4,5,5,5,5,4,5,5,5,5,5,4,5,5,5,4,5,5,5,5,5,5,3,4,5,4,5,1,1,3,4,,4,It will enable better understanding for students,2
454,37.3612,-79.1469,4,4,4,4,4,4,4,4,4,3,2,2,4,4,3,3,4,4,4,4,4,4,4,4,4,4,4,4,4,4,4,3,3,4,4,4,3,4,4,4,5,4,4,4,4,2,2,2,1,,4,"GAI tools will alow me more time to do the important tasks, like actual teaching",4
349,45.4446,-75.6385,4,5,4,5,4,5,5,4,4,4,5,4,5,5,5,5,5,4,5,4,4,4,5,4,5,4,5,5,4,2,5,4,1,5,5,4,5,4,4,5,4,5,5,4,3,2,2,3,4,,4,its necessary for to obtain more opportunities for the future,2
128,53.5546,-113.3014,5,3,3,3,5,5,3,4,5,3,4,5,5,5,4,5,5,4,5,4,5,4,4,4,5,5,5,5,4,5,5,3,5,5,5,5,3,4,5,4,4,4,5,4,5,1,1,2,2,,3,By helping students find answers easier,2
466,48.3702,-89.2812,5,4,5,5,5,5,5,5,4,4,4,4,5,5,5,5,5,5,5,5,5,5,5,3,4,4,5,5,5,5,2,5,5,4,3,4,4,5,4,3,4,5,5,5,5,1,2,3,3,,2,They could create and make learning more interesting,4
503,53.7121,-122.8568,2,2,2,2,2,3,3,4,1,1,1,1,1,5,3,2,3,2,2,2,3,2,3,4,3,2,2,3,4,4,3,4,3,4,3,3,4,2,4,2,1,2,2,2,2,2,1,2,7,,5,Instant feedback?,4
655,30.209,-92.0607,4,4,4,4,5,4,3,4,3,3,4,2,4,4,4,5,4,2,2,4,4,4,5,2,4,4,4,4,3,4,5,5,5,4,4,4,4,4,2,2,4,3,4,4,4,2,1,3,9,,4,It allows me to stay current with legal events and real world events that my students can relate to,4
735,28.0699,-81.8107,3,3,4,3,4,3,4,4,4,2,4,4,4,4,5,5,4,5,4,4,4,4,5,4,4,5,4,5,4,5,5,4,4,5,5,4,5,5,5,4,5,5,5,4,5,1,2,3,4,,2,Yes ,3
740,43.2159,-78.0731,4,3,4,2,4,4,3,4,3,2,3,1,4,4,3,5,3,4,3,4,5,3,4,4,4,5,4,3,4,2,4,2,4,1,3,4,4,4,5,4,5,5,4,4,5,1,1,2,4,,3,I think it would students the chance to be able to express themselves more and be able to learn in a better way,3
343,41.5876,-87.3727,3,3,3,2,2,2,2,3,3,3,3,3,3,4,4,4,4,4,4,4,3,3,4,4,4,4,3,4,4,4,2,3,3,4,4,4,4,4,3,4,4,4,4,4,4,2,2,2,5,,5,Very much ,3
274,49.1378,-122.8521,5,4,5,5,4,5,5,5,1,1,1,1,1,3,2,2,3,2,4,2,2,2,2,2,3,2,2,3,2,1,3,2,5,3,4,2,3,3,2,1,1,1,1,1,1,1,2,4,5,,2,no it will decline the productivity,1
290,44.6643,-63.6002,5,5,5,5,5,4,4,4,1,1,4,2,4,4,4,4,5,4,3,4,2,4,4,3,4,4,5,5,5,5,4,4,5,5,1,2,2,2,4,4,3,3,4,4,4,2,1,2,6,,4,It can help students develop ideas.,2
396,43.8978,-79.2617,4,4,4,4,4,3,4,4,2,2,2,2,2,4,4,4,3,5,5,4,3,4,4,4,4,3,4,4,3,2,5,5,5,5,2,1,1,1,2,2,2,2,3,4,3,1,2,2,5,,3,Students today are over reliant on technology which means I will need use this technology to enhance their participation in classroom activities and case study building.,2
640,40.8771,-73.0885,4,4,4,4,4,4,3,3,2,2,2,1,1,3,4,3,3,4,3,4,4,2,3,3,4,4,3,3,3,2,5,4,5,5,3,3,3,3,2,2,2,2,2,3,3,3,1,2,8,,5,Not sure,4
206,40.7341,-73.7962,4,4,3,4,4,4,4,4,2,3,3,3,2,4,5,4,4,4,4,4,4,4,4,4,4,3,4,4,4,4,4,4,4,4,4,4,4,3,4,4,4,4,3,3,4,1,1,2,3,,2,More interactive lessons that are modernized ,3
246,33.3967,-111.6545,3,4,4,3,4,5,4,5,3,3,3,3,3,5,4,4,3,5,5,5,5,5,5,5,5,5,3,3,3,5,5,3,3,5,3,3,3,3,2,2,1,1,4,4,5,3,2,4,7,,2,Yes,4
150,44.9764,-93.224,5,5,5,4,3,5,5,5,4,4,4,4,4,4,4,4,5,5,4,4,5,5,5,4,5,4,5,4,4,5,2,2,1,2,5,5,5,5,5,5,4,4,4,5,4,1,1,3,3,,4,Because it's the best option for ,2
269,29.5183,-95.0977,4,4,4,4,5,4,4,4,1,2,3,2,3,4,4,3,3,3,4,4,3,3,4,3,2,3,4,4,4,4,5,4,5,4,2,3,2,2,3,3,3,3,3,4,3,2,2,2,3,,4,I think it can be beneficial but on the other hand can have other issues ,2
272,33.4474,-88.8205,4,4,3,3,3,3,3,3,3,2,2,2,4,3,3,3,3,4,4,3,3,3,3,3,3,3,4,4,3,3,4,4,4,4,3,3,3,3,2,2,2,2,2,2,3,2,2,2,7,,4,"outlines, rewording, grammar, story telling/examples, paraphrasing",4
229,42.8543,-93.6182,2,2,2,2,3,2,2,2,1,1,2,2,3,4,3,3,3,3,2,2,3,3,3,2,4,4,3,3,3,2,4,5,4,4,2,1,1,2,1,1,2,1,3,3,3,2,1,2,3,,5,adapting to individual students' needs.,4
345,38.7678,-75.2978,4,4,4,4,4,5,5,4,4,3,4,4,4,5,5,5,5,5,5,5,5,4,5,5,5,5,5,5,5,5,4,2,3,2,2,5,3,3,5,3,5,4,5,5,5,3,2,4,7,,5,"Creating content, questions, and activities for the classroom.",4
290,38.783,-90.6351,5,4,5,4,5,3,4,3,2,3,2,4,3,4,4,4,4,5,4,4,4,3,4,4,5,4,4,5,3,1,4,5,4,4,4,5,3,3,5,4,4,3,4,3,4,1,1,2,3,,5,Less reliace on it,1
338,39.3888,-76.4988,4,4,3,4,4,3,4,4,3,2,3,2,3,4,4,4,4,4,4,4,4,3,4,4,4,4,3,3,4,2,5,3,4,4,3,3,3,4,2,2,2,3,4,4,4,3,2,2,4,,5,I think getting students involved in both the positives and negatives of AI would benefit them,1
922,38.8511,-104.7688,4,4,3,4,5,5,4,5,3,4,4,4,4,4,2,3,4,3,3,4,4,4,4,4,4,4,4,4,5,3,4,4,4,4,4,4,4,4,4,5,3,4,4,4,3,1,1,3,2,,5,Or could take the repetition of if valto fo this be s and help people learn at thtree own pace ,2
157,33.2409,-111.7792,3,4,3,3,2,4,4,3,1,1,1,1,1,2,3,2,3,4,3,4,4,4,4,4,4,4,3,4,4,4,3,4,3,3,2,3,2,2,3,4,3,4,4,3,3,2,2,2,3,,5,It will help students be  more creative,1
761,40.8171,-73.9392,4,4,4,4,4,4,4,5,3,3,3,3,4,4,4,4,4,5,5,4,4,4,4,4,4,4,3,4,3,2,4,2,4,5,3,4,3,3,2,3,4,4,4,4,4,3,1,4,6,,5,It will help,4
834,43.8978,-79.2617,4,3,4,3,3,4,3,3,4,3,3,3,3,3,4,3,4,4,3,3,4,3,4,3,4,3,4,3,2,3,4,3,4,3,4,3,4,3,4,3,4,3,4,3,2,2,1,2,8,,5,As a verification,3
365,37.2121,-81.9952,4,4,4,4,4,4,4,4,3,3,3,3,4,3,4,4,4,4,4,4,4,4,4,4,4,5,4,5,5,5,3,3,4,2,4,4,4,4,4,4,4,4,3,4,4,1,1,4,5,,4,I think GenAi would make things easier for us to generate new modules for the classroom ,4
728,36.16,-95.988,5,5,3,4,5,5,5,5,4,4,4,3,5,5,5,5,5,5,5,5,5,5,5,5,5,5,4,5,5,4,4,3,3,1,5,5,4,3,5,5,5,5,5,5,5,1,1,2,2,,2,Makes learning and teaching more easier,3
269,34.2015,-84.4222,5,5,5,5,5,5,5,5,4,4,4,5,3,5,5,5,5,5,5,5,5,5,5,5,5,5,4,5,5,4,3,2,1,1,5,5,5,5,5,5,5,5,5,5,5,2,2,2,2,,5,It will help collaboration between students and teachers. It will make things easier for learning and improving their skills. ,4
453,53.9127,-122.8708,4,5,3,4,5,3,4,4,4,4,5,4,5,3,4,4,4,4,4,3,4,3,5,3,4,4,3,4,3,3,3,5,5,4,3,3,3,3,2,3,4,4,4,5,4,1,1,2,7,,3,Creative tailored data representation individualized to each students needs.,1
628,43.4325,-80.4995,4,4,3,3,4,4,5,4,3,3,3,3,3,5,5,5,4,4,4,4,5,5,5,5,4,5,3,3,4,4,2,2,2,2,5,4,4,5,5,5,5,4,3,5,5,3,1,4,3,,5,Interacting with them through novel AI methods.I,4
299,51.0207,-114.1011,5,5,4,4,4,3,5,5,5,5,3,3,4,4,4,5,5,5,5,5,5,5,4,5,5,4,5,4,5,5,4,2,1,4,2,2,4,3,5,3,3,2,4,2,4,1,2,2,1,,3,Its just a learning too in much the same way as the internet in general is,1
332,33.8617,-84.5396,4,3,4,1,3,3,3,1,1,1,1,1,1,3,3,1,1,1,1,1,1,1,1,1,1,1,3,3,2,5,5,3,5,5,1,1,1,1,3,1,3,3,1,1,1,1,2,4,8,,5,It can't.  ,2
291,36.7348,-76.2343,4,4,4,5,4,3,4,4,3,3,3,2,3,4,4,4,4,5,5,4,4,4,4,3,4,4,4,4,4,3,5,4,3,5,2,2,1,4,3,2,2,4,4,4,4,2,2,4,4,,5,"creating interesting assignments, time saving",1
318,42.7348,-84.6245,4,4,4,4,4,4,4,4,3,3,3,3,3,4,3,3,4,4,4,4,4,4,4,4,4,4,4,4,4,2,4,4,4,4,2,2,2,2,2,3,3,3,4,4,4,2,2,4,3,,4,assist with lecture note preparation,3
811,39.0005,-76.9712,1,2,1,1,2,3,2,2,1,1,1,1,2,4,4,4,3,2,2,2,3,3,3,2,3,2,3,3,3,3,4,4,5,4,2,2,3,2,4,4,3,3,2,3,2,3,2,3,1,,5,I'm not sure at this point.,4
283,39.4347,-84.6208,2,3,1,1,2,3,3,2,1,1,1,1,1,2,2,2,1,1,1,1,3,3,3,3,3,3,1,1,1,1,5,3,4,4,3,3,3,3,2,2,3,3,2,2,2,3,1,4,7,,5,In some ways it will be almost mandatory because students will be using it.,1
615,43.8978,-79.2617,4,3,1,4,3,4,5,3,4,2,5,3,3,3,5,4,3,5,3,4,4,3,5,4,4,3,4,3,3,5,4,3,5,4,4,2,4,3,3,5,4,4,3,5,4,2,1,2,6,,4,"I think it could make a lot of things easier, not too sure though",2
353,45.6165,-61.9949,5,5,5,4,5,4,5,5,4,3,4,3,4,4,3,4,5,5,5,5,4,3,4,4,4,4,4,3,4,4,5,5,5,5,4,4,4,4,4,3,4,3,4,3,4,1,2,2,7,,2,They will like the ease at which they can find research data or data relevant to their studies.,2
283,39.3888,-76.4988,5,5,5,5,5,4,4,3,4,3,3,2,4,4,4,3,5,4,4,5,4,4,5,4,5,4,4,5,3,5,4,2,2,2,5,4,3,4,4,3,3,3,5,4,4,2,1,3,3,,5,Encouraging ,1
133,33.735,-117.785,5,5,5,5,5,4,5,5,4,4,4,4,4,5,5,5,5,5,5,5,5,5,5,5,5,5,5,4,5,4,5,5,5,5,3,3,3,3,3,3,4,4,5,5,5,2,1,3,5,,5,be more creative and engaged.,4
367,30.1707,-95.5019,4,4,3,3,3,4,4,4,2,2,2,1,3,4,3,4,4,5,3,4,4,4,5,3,4,5,3,4,3,3,3,3,3,4,3,3,3,3,4,2,4,4,4,4,4,2,1,3,2,,3,Students like to learn new things ,3
432,38.783,-90.6351,2,2,2,2,2,2,2,2,1,1,1,1,1,2,2,2,1,1,1,2,1,2,2,2,2,2,2,2,2,2,5,5,5,5,1,1,1,1,2,3,2,2,2,1,1,1,2,2,3,,4,AI is bad and will ruin everything,3
266,35.9819,-84.0019,3,4,4,4,5,1,1,1,1,1,1,1,1,4,1,4,3,2,2,1,2,1,4,1,1,3,3,3,3,2,3,4,5,5,2,1,3,1,5,3,5,5,2,2,2,3,1,2,1,,5,I do not think it would help at all in a public speaking class,4
363,39.5082,-84.3987,4,4,3,4,4,2,3,3,2,3,1,2,3,4,4,4,4,4,4,3,3,3,1,2,2,3,4,4,4,3,5,3,4,5,2,2,3,3,4,4,4,4,4,4,4,1,1,4,1,,5,"It could help students understand how Generative AI tools might be used in professional settings outside of school, and so learning about them in the classroom can help prepare them for their careers.",2
225,43.7125,-79.4855,4,4,4,4,4,4,4,4,3,2,4,3,3,4,3,3,4,4,4,4,4,4,4,4,4,4,4,4,4,4,4,3,3,5,3,3,3,3,3,2,2,4,4,4,2,1,1,3,5,,3,It makes it fun,2
116,30.3773,-97.71,4,4,4,4,4,5,5,5,4,4,4,4,4,4,5,5,5,5,5,5,5,5,5,5,5,5,5,5,5,5,5,5,4,4,4,4,4,4,4,5,5,5,5,5,5,2,2,2,5,,5,With critical thinking in patient scenarios it is very helpful,3
127,25.9436,-80.2264,4,4,4,5,5,4,5,5,4,5,3,2,4,4,4,5,5,4,4,3,5,5,5,4,4,4,4,5,4,5,4,5,3,4,5,5,5,4,5,4,4,5,4,5,4,2,1,3,3,,5,It’s very affective for teaching young minds all around the world,3
184,42.1988,-83.0231,4,4,4,4,4,4,4,4,3,3,4,3,3,4,4,4,4,4,4,3,4,3,4,4,4,4,4,4,3,3,5,3,3,3,4,4,4,3,3,3,3,3,4,3,3,1,2,4,6,,2,,3
191,38.9091,-77.0203,4,3,3,5,5,2,4,4,2,2,3,3,3,4,3,4,4,4,3,4,3,3,4,4,4,5,4,4,4,3,5,4,4,4,2,4,3,3,4,4,4,4,5,4,3,1,1,3,7,,2,It can help develop stronger tested teaching methods and engage the class,4
118,41.2231,-95.8756,5,4,5,3,5,5,4,4,5,5,4,4,4,5,2,4,5,5,3,3,5,4,4,5,4,4,4,5,4,4,5,3,4,5,5,5,5,3,5,5,4,3,5,5,4,2,2,2,8,,3,It could assist in lesson planning as well as grading,1
468,37.3371,-79.2815,5,5,5,5,4,4,5,5,3,2,4,1,4,5,5,4,5,5,5,5,4,3,4,3,2,4,4,5,4,2,3,2,3,5,3,3,4,2,4,4,5,5,5,5,5,2,1,4,1,,5,I will use it to automate repetitive tasls,2
310,42.1246,-71.1149,4,4,4,4,3,4,3,4,3,1,3,2,1,4,4,4,4,4,4,3,5,4,4,2,2,2,4,4,3,3,3,2,4,5,3,3,3,3,4,1,4,4,4,4,4,3,1,2,2,,5,Create interactive lessons.,4
246,33.4935,-111.9211,4,4,4,4,4,4,4,4,2,2,1,1,3,4,4,4,4,3,3,4,4,4,1,2,2,2,4,4,4,2,2,4,4,4,2,4,3,2,2,2,2,4,4,4,4,1,2,2,5,,3,By creating thought provoking ways to spark discussion,4
383,34.4318,-118.5003,4,5,4,4,4,4,4,4,3,3,3,2,3,4,4,4,4,4,4,4,5,4,4,4,4,5,4,4,4,4,5,5,3,3,1,4,1,2,2,2,2,2,5,5,4,1,2,4,7,,3,A lot,4
210,39.1094,-84.5718,5,5,5,5,3,5,3,5,2,3,2,3,3,4,3,3,3,4,2,3,3,3,2,3,3,2,3,3,3,3,3,2,3,3,3,3,3,4,4,4,3,3,4,3,4,1,1,3,7,,4,By lighting up the world w new ideas,3
214,48.3148,-116.5291,5,4,5,4,4,5,4,4,5,4,5,5,5,5,5,4,5,4,4,4,5,4,4,4,4,5,5,4,4,1,4,4,3,3,5,4,4,3,5,4,4,3,5,4,4,2,1,2,4,,4,Generative AI tools will help students by proving idea that will be used for further research.,2
308,43.6508,-79.4803,4,4,4,4,4,4,3,4,3,2,3,1,2,5,5,4,4,4,4,4,4,4,4,4,3,3,4,4,4,3,4,3,2,2,3,3,2,3,4,4,4,4,4,4,4,2,2,4,7,,5,I am not going to use AI for teaching. It is not necessary. It may be helpful in researching and other activities ,2
346,36.122,-115.086,3,4,3,4,3,4,4,4,2,2,2,2,2,2,3,3,4,4,4,4,4,4,4,4,4,4,2,2,2,2,4,4,4,4,4,4,4,4,2,3,3,2,4,4,4,2,2,2,3,,5,It's a great tool to learn ,4
266,32.9511,-117.2241,4,4,3,4,5,4,4,4,1,1,1,1,4,3,4,4,3,4,4,4,4,4,3,4,5,4,3,3,3,2,3,3,4,2,3,3,4,4,4,3,4,4,4,4,4,3,1,2,2,,5,Should be able to teach more comprehensively use AI tools.,4
256,45.4383,-122.6147,4,4,2,1,3,3,3,3,1,1,1,1,1,5,4,4,3,3,1,3,3,3,2,3,3,3,4,4,4,3,4,5,4,5,3,3,1,3,1,1,4,2,3,3,3,2,2,2,6,,2,It could offer different ways for students to understand concepts.,4
508,43.6426,-79.4002,5,5,4,5,4,4,5,5,4,4,3,4,3,4,3,4,4,4,4,4,4,4,4,4,4,4,5,5,4,4,3,4,4,4,4,4,4,4,4,4,4,5,4,4,4,2,1,2,3,,2,It can help them with creativity ,3
318,43.9379,-79.4381,5,4,4,4,4,4,4,4,3,3,3,4,3,4,4,4,4,4,4,4,4,4,4,4,4,4,4,4,4,4,2,2,2,2,3,3,4,3,4,4,4,4,4,4,4,2,1,2,2,,5,,3
220,37.8199,-96.846,4,4,4,4,4,3,4,4,2,2,2,2,3,4,4,4,3,4,4,4,4,4,4,4,4,4,3,3,3,3,4,3,3,3,3,3,3,3,4,3,4,3,4,4,4,2,2,2,2,,5,it's a hot topic so students are anxious to learn to use iit more effectively,1
777,40.9999,-79.3527,3,4,3,3,3,4,3,4,3,2,2,2,3,3,2,3,4,4,4,4,4,5,4,3,3,4,2,1,2,1,5,5,5,5,2,4,4,4,2,1,2,1,2,2,3,2,1,2,2,,5,"by using it, different alternatives are available to be discuss - pros andcons",3
526,42.3068,-83.7059,4,4,3,4,4,4,4,4,2,1,2,2,3,4,3,4,3,4,4,4,4,3,4,3,3,4,3,3,3,3,3,3,4,4,2,2,2,2,2,3,4,3,5,5,5,2,1,4,6,,5,"At present, I use generative AI only to look up information pertinent to my teaching, so I don't expect it to directly impact student engagement.",2
331,35.5065,-108.7414,4,4,4,5,5,2,1,1,1,2,1,3,2,4,4,4,1,1,1,1,1,1,1,4,1,1,3,3,2,2,5,4,5,5,4,2,3,4,3,2,2,4,1,1,1,2,2,4,1,,5,"Maybe as individualized tutors, but as I teach writing and creative thinking, I don't want to encourage my students to use it much.",2
232,43.709,-79.4057,4,4,3,2,4,4,1,1,1,1,1,1,1,4,2,3,2,3,3,1,2,2,2,2,1,2,3,3,3,3,4,5,5,3,3,2,2,2,2,2,2,2,1,1,1,2,1,2,7,,5,Not sure,2
220,41.3271,-81.4513,4,4,3,4,5,3,2,4,1,1,1,3,3,3,2,4,3,2,2,2,3,2,2,3,2,4,4,4,4,4,5,5,5,5,3,3,2,1,3,2,2,3,2,3,1,2,2,4,6,,5,Maybe it would in the virtual classroom,2
363,42.093,-79.244,4,5,4,4,4,4,4,4,3,3,3,3,3,2,3,4,4,4,4,4,4,4,4,4,4,4,2,2,2,2,4,4,4,4,4,4,4,4,3,2,2,2,4,4,4,2,2,2,3,,5,I think the students now are very intrigued by AI so it will be a tremendous help,3
309,42.7024,-74.9202,4,4,5,4,5,2,3,4,2,3,4,3,4,1,2,5,4,4,4,5,4,4,5,4,5,3,4,4,5,4,3,4,5,4,3,4,2,5,4,5,3,4,4,4,5,2,1,2,4,,5,It could enhance the engagement of students in class because these ai’s are extremely smart and can create some amazing material.,1
386,30.2781,-81.4213,4,4,4,2,5,4,3,3,1,1,1,1,1,3,4,4,3,2,2,2,4,3,3,2,4,3,3,3,2,3,5,5,5,5,2,3,3,2,2,2,2,2,3,4,2,2,2,4,7,,5,Potentially. It is all about ethical use and ethics usually follows innovation,2
449,28.2365,-82.3289,1,3,2,1,4,3,3,1,1,1,1,1,1,1,1,1,1,3,1,1,1,3,2,3,2,4,1,1,1,3,5,5,5,5,3,3,2,2,2,1,2,2,1,1,2,3,2,2,3,,5,Not aware of any. ,4
305,41.8202,-86.2404,2,2,2,2,4,3,4,4,3,3,2,2,3,2,2,3,4,4,4,4,3,3,3,4,3,4,2,3,2,2,4,4,5,4,3,2,2,3,2,2,2,2,4,4,4,3,2,2,10,Modern Languages and culture ,5,"If it could create more engaging lessons with sound, visuals  and videos",4
427,35.0125,-80.9309,4,5,3,4,2,4,5,4,3,1,4,3,5,4,5,3,4,5,3,2,5,3,5,4,1,4,5,4,3,5,5,3,4,5,4,5,3,4,5,4,3,4,4,5,3,2,1,2,2,,2,It will evolve how effectively I can get work done,1
145,43.2168,-75.4535,5,4,5,5,5,5,4,4,5,4,3,5,4,5,4,5,5,4,5,4,5,4,5,4,5,5,5,4,5,3,5,4,5,5,5,4,5,4,5,4,5,4,5,4,4,2,1,2,1,,5,Generate speeches and images,4
705,39.3762,-75.1617,4,4,4,5,4,4,4,4,3,3,4,4,4,4,4,5,5,5,5,5,5,5,4,5,4,5,4,4,4,3,3,2,1,4,5,5,3,4,2,1,4,2,5,5,5,3,2,4,2,,5,It is an effective tool for assessing student learning and providing individualized feedback to students. ,1
242,40.7119,-74.2203,4,5,5,4,4,4,5,5,3,3,3,3,4,4,3,4,5,5,4,5,5,4,5,4,3,5,3,4,3,3,4,4,2,4,4,3,3,3,4,2,3,2,5,5,4,2,1,4,7,,5,It will provide a more efficient and innovative classroom.,4
278,47.6034,-122.3414,5,4,4,5,4,3,3,4,3,2,4,2,4,4,4,4,3,4,4,3,4,4,5,4,3,4,3,4,3,2,4,1,3,2,2,1,1,3,4,3,5,4,5,4,4,1,2,3,1,,2,Through the research you can find through using AI. It allows studying to become easier and more efficient and can help to improve learning of a subject through simplification.,2
234,42.6004,-87.8846,3,4,5,4,5,5,5,5,2,4,3,3,4,3,4,5,4,3,5,3,1,3,5,4,5,4,3,4,2,5,4,3,5,4,5,5,4,4,2,3,5,5,3,4,4,2,1,3,7,,4,As study helpers and tutors ,2
118,46.0166,-73.4483,4,4,5,5,5,5,4,5,5,4,4,5,4,5,3,5,5,4,5,5,4,5,5,5,4,4,5,5,5,5,4,4,5,5,4,4,5,3,3,4,5,5,4,4,5,2,1,4,4,,5,i dont think so,1
321,43.9508,-69.79,5,5,5,5,5,5,5,4,3,5,4,5,5,5,4,5,5,4,5,5,5,4,5,4,5,5,5,4,5,4,3,4,3,4,5,4,5,4,5,4,5,5,5,4,5,2,1,4,1,,5,I think that the AI tool tend to keep the students in check and they focus on whatever is being taught ,1
302,45.5329,-73.5565,3,3,3,3,3,2,2,4,3,3,3,2,3,3,3,4,3,4,4,3,3,3,3,3,3,3,4,4,3,4,4,4,5,5,3,3,3,3,2,2,2,2,3,3,3,2,2,4,3,,5,to test reliability of source,4
148,21.3513,-157.8725,4,3,3,4,3,4,4,4,2,3,2,3,3,4,5,4,4,4,3,4,4,3,5,3,4,4,2,4,4,4,4,4,5,4,4,4,3,4,5,5,3,4,4,5,4,1,2,3,5,,3,Idk ,3
311,29.0511,-82.038,4,5,5,4,5,5,4,5,4,5,4,5,5,4,4,5,4,5,4,5,4,5,4,5,4,5,4,5,5,4,4,5,4,5,4,4,5,5,5,4,5,4,5,3,4,2,2,4,6,,3,"AI tools for personalized learning can provide customized learning content based on students' needs and individual proficiency levels, which can better stimulate students' interest.",1
295,40.5899,-98.3914,3,2,3,2,2,4,3,3,3,2,3,2,3,3,3,3,3,3,3,3,4,4,3,3,3,3,3,3,3,4,4,4,4,4,3,3,3,3,4,4,3,4,4,4,4,2,1,2,4,,5,more options,4
254,32.3297,-80.8438,4,3,3,3,5,2,2,1,2,2,2,2,2,2,2,2,2,2,1,1,1,1,1,1,1,1,2,2,2,2,4,5,5,5,2,2,2,1,2,2,2,2,1,1,1,3,2,2,1,,5,"To some degree we use AI now, but I find no enhancement in my field. ",4
240,42.2821,-71.8262,4,4,3,3,3,4,4,4,2,2,3,2,3,3,2,3,4,4,4,3,3,4,3,4,3,4,3,3,3,2,4,4,4,5,3,3,3,3,2,1,3,3,4,4,4,1,1,4,6,,5,I need to use it to design methods for improved engagement in a large classroom of 50 students.,2
782,41.8727,-88.147,4,4,4,4,3,4,3,4,3,3,3,3,3,3,3,3,3,3,3,3,3,3,3,3,3,3,3,3,3,3,2,4,4,3,3,3,3,3,3,3,3,3,3,3,3,2,2,2,3,,5,Still confused,4
376,42.6822,-74.489,1,3,1,1,4,3,3,3,1,1,1,1,1,4,3,3,3,3,3,3,4,4,3,3,3,3,3,3,3,3,4,4,3,4,3,2,3,3,2,1,1,3,1,2,2,2,2,2,8,,5,I am really not sure at this point because I don't have enough knowledge about AI tools,4
251,42.5064,-83.4069,5,5,4,4,4,4,4,3,4,4,4,3,3,4,4,5,4,4,3,4,4,4,4,3,3,4,4,3,3,3,4,4,5,4,4,3,3,4,4,4,4,4,4,4,4,2,2,4,9,,5,I think that it would make things easier ajd make the students more excited ,1
537,42.363,-83.3627,2,2,4,4,2,3,3,2,4,4,4,3,3,3,3,2,2,3,2,3,2,2,2,1,1,2,3,4,2,3,2,2,3,4,3,2,2,1,2,2,3,3,3,2,2,1,2,2,2,,2,pretty good ,2
351,27.9623,-81.9375,4,4,4,4,4,3,3,3,1,2,1,3,2,4,3,4,3,3,3,3,3,3,3,4,3,3,4,4,3,2,2,5,5,5,3,3,2,2,3,2,3,4,3,3,3,1,2,2,7,,4,I think students are naturally going to use these tools so finding a way to work with them and not avoid them would be useful.,4
270,33.9322,-118.2488,4,4,4,4,4,4,4,4,3,3,3,3,3,2,2,3,4,3,4,4,4,3,4,4,3,4,2,2,2,3,4,4,4,4,3,4,3,3,2,2,2,4,4,4,4,2,2,2,3,,5,To be determined ,4
273,40.9129,-74.1627,5,5,5,5,5,5,5,5,5,5,4,4,4,5,5,5,5,5,5,5,5,5,5,5,5,5,5,5,5,4,1,1,1,1,4,4,5,5,4,4,4,4,4,4,4,1,1,4,4,,5,It can help engage the students ,1
211,37.3578,-108.5802,4,5,4,4,4,3,3,2,3,3,3,3,3,3,4,3,3,4,3,4,3,4,4,3,3,4,3,4,3,4,3,4,3,3,3,4,4,3,4,3,4,3,3,4,3,2,1,2,3,,5,I think that it can streamline and make the process of deveopling curriculum faster,4
274,43.1147,-85.5177,4,4,4,5,5,3,4,3,2,3,2,2,3,4,4,4,3,4,4,3,3,3,2,3,4,3,3,4,4,2,4,3,4,4,3,3,4,3,4,4,4,4,3,4,3,2,2,4,1,,5,It could get them more excited about writing. ,4
487,29.675,-95.486,4,5,4,4,5,4,5,4,3,2,4,3,4,5,5,5,5,5,4,4,4,5,5,5,5,5,4,5,5,5,4,3,2,2,4,5,5,4,4,5,5,5,5,4,5,2,2,2,6,,4,Just the fact that it's relatively new makes students want to be part of the new technology.,4
421,41.2779,-84.3578,5,4,5,4,4,5,4,4,4,4,5,4,3,4,5,4,5,3,3,3,4,3,4,3,5,3,5,4,4,3,5,2,2,3,3,4,5,4,5,3,4,4,4,5,4,2,2,3,2,,5,The use of an AI platform will generally enhance the students engagement the new technologies are immense,2
386,34.1765,-118.614,1,1,1,1,1,4,4,4,3,3,4,4,4,1,2,2,4,5,5,4,4,4,4,4,4,4,2,2,2,2,3,3,3,2,4,4,4,4,4,4,4,4,4,4,4,2,1,3,7,,4,I believe it could possibly help me communicate with my students more clear and direct.,1
317,40.4992,-74.4996,5,5,4,4,4,5,5,4,4,4,5,5,5,5,4,5,4,5,4,5,5,4,5,4,4,5,4,3,4,2,2,3,4,2,3,2,4,4,4,5,4,2,5,4,5,2,1,2,2,,4,I think it will help them complete assignments and projects and a lot efficiently,2
291,41.3179,-81.3471,4,4,4,5,5,2,3,2,2,2,1,1,3,4,3,4,3,3,4,2,2,1,2,2,1,2,4,4,3,2,5,5,5,5,2,2,3,4,4,3,4,4,3,4,2,2,1,2,6,,5,I think it might encourage the act of asking better questions. ,4
202,34.0123,-118.3757,2,3,2,2,3,2,2,2,1,1,1,1,1,2,3,4,1,2,2,1,3,2,2,2,2,2,3,3,3,3,5,3,5,5,3,3,3,3,3,3,3,3,1,1,1,3,1,2,1,,5,I don't believe that it will,4
327,36.1228,-79.6669,4,5,5,4,4,5,4,4,2,5,3,4,5,5,4,4,5,5,5,5,4,4,5,4,4,4,5,5,5,5,3,3,4,5,3,3,3,4,4,4,5,5,5,5,4,3,1,4,4,,5,Have the students become hands on in the classroom,4
303,32.7616,-117.2058,4,4,4,5,4,3,3,2,1,2,1,2,2,4,4,4,2,2,2,2,3,3,3,3,3,3,4,4,4,2,4,5,5,5,3,3,2,3,4,3,3,4,3,3,3,2,2,2,1,,5,"Allowing for different types of inquiry and critical thinking, particularly evaluation of AI content",4
608,33.0562,-117.2688,4,4,2,4,4,4,4,3,2,3,3,2,3,4,4,4,3,4,4,4,4,3,4,4,4,4,3,3,3,2,4,2,4,4,3,4,4,4,4,4,4,4,4,4,4,4,2,2,1,,5,Creating new possibilities for research and presentations,4
364,41.2884,-95.9972,2,4,2,2,4,2,2,2,1,1,1,1,1,4,4,2,2,2,2,2,3,3,2,1,2,2,3,3,3,3,5,2,5,4,1,1,3,3,4,3,3,3,1,1,1,3,2,2,10,English as a Second Language,5,"It could create assignments and exercises adapted to a student's learning style: auditory, visual, or tactile.",4
386,45.5645,-122.6447,4,5,4,4,4,4,4,5,3,3,4,4,4,4,4,4,4,4,4,5,5,4,4,4,4,4,3,4,4,1,5,3,4,4,2,2,2,2,1,2,2,1,4,4,4,2,1,4,1,,5,I love the idea of students using AI to do something more than cursory research on topics that can spur classroom discussion. The problem is my university does NOT support the use of AI. ,4
398,33.6205,-117.9321,4,4,4,4,4,4,4,4,4,4,4,2,5,5,5,5,5,5,5,5,4,4,5,4,5,5,4,4,4,2,4,2,3,4,3,3,2,4,2,2,4,2,5,5,5,3,1,4,4,,5,It can be either a topic for discussion or a teaching aid for developing classroom materials and/or teaching strategies. ,1
1460,28.0406,-82.3951,5,3,5,5,5,4,4,4,4,3,3,3,4,3,3,3,5,5,5,5,3,3,5,3,4,5,5,5,5,4,4,4,2,5,2,3,4,3,1,5,5,3,5,4,3,2,2,3,5,,4,"The use of generative AI tools in my teaching has enhanced by all my students not learning for real all they do is chatGPT they work so that SHII is never original, also I need this money so imma just put anything I love Kingsley so much imma be the mother of his kids I will have his kids and we will be married because that’s my baby and I love him and no one else and after this I’m going to delete the weird SHII out of my archive on instagram ",4
303,32.8209,-97.1765,4,4,4,4,4,1,1,1,1,1,1,1,1,5,3,4,1,1,1,1,1,1,1,1,1,1,3,3,4,4,5,5,5,5,5,3,5,5,2,1,1,1,1,1,1,3,1,2,2,,4,"curiosity, mostly, then to use it to avoid learning",4
138,41.804,-87.707,5,5,5,5,4,5,5,5,5,4,5,4,5,5,5,5,5,4,5,5,5,5,4,5,5,5,5,4,5,5,5,4,5,5,5,5,5,5,5,4,5,5,5,4,5,2,2,2,5,,3,Because I don't know what to do with it but I don't ,3
378,32.4301,-80.6694,5,5,5,5,5,5,5,5,5,5,5,5,5,5,3,5,5,5,5,5,5,5,5,5,5,5,5,5,5,5,5,2,2,5,5,4,5,5,5,5,5,5,5,5,5,2,1,2,3,,3,By adding values to the students life,1
325,35.8437,-86.3881,4,4,3,4,4,5,5,5,5,5,5,5,5,4,4,4,5,5,5,5,5,5,5,5,5,5,4,4,4,3,3,2,4,4,4,4,4,4,3,3,3,3,5,5,5,2,2,4,3,,5,"I can use it to help my students discover more teaching strategies, incorporate better research, and create more exciting lessons.",4
278,25.7277,-80.3716,4,4,3,2,4,4,4,5,3,3,4,3,2,4,3,4,3,3,3,3,4,4,4,3,4,3,5,5,5,4,3,4,3,4,5,3,3,4,2,1,2,2,4,4,3,3,1,2,4,,3,Ai is appealling more frequently among students,2
601,30.181,-92.0477,4,5,4,2,5,5,5,5,2,2,5,4,4,4,5,5,4,5,5,5,4,4,5,5,2,4,4,4,4,3,4,5,5,4,4,3,3,3,1,1,1,2,4,5,5,2,1,4,6,,4,I will help reduce my teaching activity by answering students' questions by AI.,2
335,41.8388,-87.7891,4,4,4,4,5,4,4,3,3,4,2,2,3,2,5,5,4,4,4,3,4,4,4,4,4,4,4,3,4,5,2,5,5,4,4,5,3,4,5,5,4,4,4,5,5,2,1,2,1,,5,It can generate discussion questions to add to my classroom activities. ,2
251,45.5288,-122.6821,4,4,4,4,4,3,3,3,1,1,2,3,4,4,3,4,3,4,4,3,3,3,4,4,3,4,3,4,4,3,5,5,5,5,2,3,2,2,3,1,4,4,4,4,4,2,1,2,10,Library ,5,It could automate tasks or help generate ideas.,1
243,43.4336,-76.4779,4,4,3,4,4,2,2,2,1,2,1,1,1,5,4,4,3,2,3,2,3,4,3,2,3,3,3,3,3,1,5,2,4,5,1,1,1,1,4,4,4,4,3,2,2,2,2,4,1,,5,"Using it for information/digital literacy; how to assess good/bad sources will promote discussion, critical analysis + engagement",1
306,41.161,-80.6855,4,4,3,3,3,4,4,4,3,2,3,1,3,4,2,3,4,4,4,4,4,4,3,3,4,4,3,3,4,3,3,3,4,4,3,3,4,4,3,3,4,4,5,4,4,2,2,2,9,,4,Provide opportunities to apply information in a hands-on scenario,2
137,37.8479,-81.9961,3,3,3,3,3,3,3,3,3,3,3,3,3,3,3,3,3,3,3,3,3,3,3,3,3,3,3,3,4,2,1,2,2,3,5,5,4,1,5,5,4,1,3,3,5,2,1,2,8,,4,Ai is ,1
451,38.8739,-82.8548,2,2,2,2,3,4,3,4,2,2,2,2,2,3,2,2,2,4,4,4,4,4,4,4,4,4,2,2,2,1,5,5,5,4,3,4,4,4,2,1,1,1,4,4,4,3,1,3,2,,5,AI tools could help to generate more up to date relevant materials for the classroom. ,3
178,41.871,-87.6289,2,2,3,3,3,2,1,1,1,1,1,1,1,2,4,3,1,1,1,1,1,1,1,1,1,1,2,2,3,2,3,4,4,5,1,1,1,1,1,1,1,1,1,1,1,3,2,4,8,,5,I have no idea.,1
4498,34.7448,-92.2883,4,4,5,3,4,2,3,2,4,3,5,4,3,4,4,5,4,5,3,1,4,3,5,3,4,3,4,5,5,4,5,5,5,4,4,4,2,4,5,3,4,2,5,3,4,2,1,2,2,,5,It could make it easier for my students to study ,1
129,42.3912,-71.0882,4,3,3,4,2,4,2,3,4,3,4,4,3,3,4,3,4,3,3,4,4,4,4,2,4,4,4,4,4,4,3,4,4,2,2,5,3,5,4,4,3,2,4,4,3,2,1,4,2,,3,It could enhance student engagement by allowing it to draw up data pulled from multiple sources or creating images that could display exactly what I’m thinking in seconds.,4
645,27.8485,-82.7944,4,4,2,3,4,3,2,2,3,2,2,3,4,4,4,3,4,4,4,4,4,4,3,3,4,4,2,2,2,2,5,4,5,5,4,4,4,3,3,3,2,2,3,3,3,3,1,2,6,,5,"If used properly, i believe it aids in their creating abil;ity.",4
548,45.5355,-73.761,4,4,3,3,3,4,5,5,3,4,3,4,5,4,5,5,5,4,5,5,4,5,5,5,5,5,5,3,4,2,4,4,4,5,3,3,4,4,3,4,5,5,5,5,5,5,2,2,8,,5,Its very help,3
262,43.6508,-79.4803,1,3,3,3,4,4,4,4,5,4,3,3,3,3,4,4,3,4,4,4,4,4,3,4,3,4,2,3,4,4,3,4,1,4,3,3,4,4,1,3,2,3,2,4,4,2,1,3,4,,2,it can be very interactive ,3
1867,38.6921,-93.2383,4,4,3,3,4,4,4,4,2,1,2,1,2,5,5,5,3,4,3,4,4,4,4,3,3,4,3,3,4,3,5,4,4,4,5,5,4,4,4,4,3,5,5,5,5,2,2,2,1,,5,"In musical analysis Students could compare the AI product with their own wor, and ask questions about why the analysis differs",4
356,45.7454,-107.6087,3,4,3,4,4,4,4,4,4,4,4,3,3,4,4,4,4,4,4,4,4,4,4,3,3,4,3,3,3,2,4,4,3,3,4,4,4,4,3,3,4,4,4,4,4,3,2,2,8,,5,It will allow students to improve their research skills to improve their overall knowledge of a subject.,2
414,26.4525,-80.1562,4,4,3,4,5,2,2,3,1,1,1,1,1,4,3,3,3,2,2,2,2,2,2,2,2,2,4,4,3,2,5,5,5,5,3,2,2,1,4,2,5,4,2,2,2,3,1,2,9,,4,"I need to know what the students think and how they express themselves, particularly in documents that may be submitted to courts.",4
325,42.5851,-83.287,2,2,2,2,3,3,2,2,1,1,1,1,1,2,2,2,2,1,1,1,2,2,2,2,2,2,2,2,2,2,4,3,3,4,2,2,2,2,2,2,2,2,2,2,2,3,1,2,10,Music,4,Don’t know,4
546,44.3482,-78.7329,4,5,3,4,4,5,5,5,4,3,2,3,3,4,4,4,5,5,5,4,5,4,4,4,5,4,3,4,3,3,1,2,3,4,2,4,5,4,5,3,5,4,5,5,5,2,1,2,4,,5,less time doing menial tasks,1
718,43.1475,-87.905,5,5,4,5,5,5,5,4,2,2,4,2,4,4,4,4,4,4,4,4,4,5,4,4,4,5,4,4,4,4,4,5,4,3,5,4,5,4,4,5,4,4,4,3,4,2,1,4,4,,4,I think it could help I many different ways ,1
117,46.6828,-68.0169,5,5,4,5,5,5,4,5,5,4,5,4,5,5,4,5,5,4,5,5,5,4,5,5,5,5,5,5,4,5,5,4,5,5,5,4,5,5,5,4,5,3,4,5,4,2,1,4,6,,5,useful,3
424,35.1871,-106.6659,4,3,5,4,5,4,3,5,3,4,5,5,3,4,4,2,4,4,4,4,4,3,5,4,5,3,4,5,3,5,5,5,4,5,4,5,3,4,4,4,4,3,4,4,2,2,2,4,7,,5,I believe it could ,2
5519,39.0056,-96.2948,4,3,2,2,3,2,2,2,1,1,1,1,1,3,2,3,2,2,3,3,2,2,3,2,1,2,3,3,3,4,2,5,4,4,3,2,3,2,3,3,3,3,1,2,1,2,1,2,8,,5,I might increase interest just because students like to see that you are up to date with the newest technology.,4
393,45.4889,-73.7931,5,5,5,5,5,4,5,5,3,4,4,4,5,5,5,5,5,5,5,5,5,5,5,5,5,5,5,5,5,4,4,4,4,4,5,5,5,4,5,5,4,4,5,5,4,2,2,3,7,,4,Comprehensive ,2
252,42.428,-71.0618,4,4,3,4,4,3,3,3,2,2,2,2,3,3,3,3,3,3,3,3,3,3,3,3,3,3,3,3,3,3,4,4,4,4,3,4,4,4,3,3,3,3,3,3,3,3,2,2,7,,5,I'm not sure,4
990,41.3571,-72.9334,1,3,1,2,4,3,3,4,1,2,2,2,2,4,4,4,3,4,3,4,3,3,3,4,4,4,2,1,2,1,4,4,3,4,1,1,3,3,1,1,1,1,3,4,3,4,2,2,5,,5,"Present a way to more clearly understand the patient experience in the process of psychosise, depression  and other psychiatric disorders.rstand the ",2
644,33.8351,-117.8652,4,4,3,2,5,4,3,4,2,1,2,3,5,2,2,3,3,4,5,5,4,4,3,5,2,2,4,5,3,5,3,2,4,4,3,4,2,2,3,5,5,3,3,4,2,2,1,2,2,,2,It will make a useful study tool as I’ve seen how effective using AI can be for studying for midterms and finals.,2
612,41.9014,-88.7515,4,3,4,4,5,2,1,1,1,1,1,1,1,2,1,2,3,1,1,1,3,1,1,3,3,2,3,3,3,3,5,5,5,5,2,2,3,2,2,2,2,2,2,2,2,2,2,4,1,,5,I have no idea. Students don't want to do anything.,1
434,38.2723,-121.2976,4,5,4,5,4,4,5,4,3,4,5,4,5,4,5,4,4,5,4,5,4,4,5,5,5,4,4,5,4,5,4,5,4,5,4,5,4,5,4,5,4,5,4,5,4,2,1,2,1,,3,,1
1046,36.8214,-119.7218,4,5,4,5,4,5,4,5,3,4,5,4,3,4,5,4,4,5,4,5,4,5,5,4,4,5,4,5,4,5,4,5,4,5,4,5,4,5,4,5,4,5,4,5,4,2,1,2,1,,3,,1
1603,38.6226,-121.3885,4,5,4,5,4,4,5,4,3,4,5,4,3,4,5,4,4,5,4,5,4,5,4,5,5,4,4,5,4,5,4,5,4,5,4,5,4,5,4,5,4,5,4,5,4,2,1,2,1,,3,,1
167,33.4443,-86.7536,5,5,5,5,5,5,5,5,5,5,5,5,5,5,5,5,5,5,5,4,5,5,5,5,5,5,5,5,4,5,3,3,3,4,5,5,5,5,5,5,5,5,5,5,5,2,1,4,1,,5,I used it every day because it’s helpful,1
257,31.5844,-90.4486,5,5,5,5,5,5,4,4,1,2,2,2,2,5,5,5,5,4,3,4,5,5,5,5,5,5,5,5,5,5,4,4,4,4,4,3,3,4,3,1,5,5,3,4,4,2,1,4,6,,6,It could allow for better quality work.,1
539,52.157,-106.5614,4,4,4,4,4,4,5,4,3,3,2,2,4,4,4,4,4,4,5,4,5,4,5,4,4,4,4,4,4,3,5,4,4,4,3,3,3,4,4,3,4,5,4,4,5,2,1,4,8,,5,New material and trends ghat AI van provide will pique student's interest in learning. ,3
202,39.211,-76.8362,5,5,5,5,5,4,3,4,3,3,4,3,3,4,5,4,5,5,4,5,5,5,5,4,5,4,2,2,2,1,4,4,4,5,3,4,5,4,4,5,4,5,5,5,5,2,2,2,3,,4,Create more channels for learning ,4
195,39.9486,-75.2339,5,4,5,5,5,5,5,5,5,5,5,5,5,5,5,5,5,5,5,5,5,5,5,4,4,5,5,5,5,4,4,4,3,4,4,4,5,4,4,4,5,5,5,5,5,2,2,3,2,,3,Teachermatic,2
1086,28.4986,-81.5353,4,4,3,5,4,4,3,5,2,2,3,2,4,4,3,4,4,4,4,4,5,5,5,3,2,3,4,4,4,3,5,4,5,5,3,2,1,4,2,2,1,1,4,4,4,2,1,4,10,Mental health counseling masters program ,5,Comes up with great process questions and thoughts for in classroom activities ,1
349,40.488,-74.4544,4,4,3,4,3,4,4,5,2,2,2,4,4,2,5,4,3,4,4,4,4,4,4,4,5,5,3,3,3,3,2,2,5,5,3,3,4,4,5,3,2,5,4,4,4,2,2,4,10,college success strategies,5,I am not really sure,4
368,37.0701,-88.6769,4,5,4,5,4,4,5,4,3,4,5,4,5,4,5,4,4,5,4,5,4,5,4,5,4,5,4,5,4,5,4,5,4,5,4,5,4,5,4,4,5,5,4,5,5,2,1,2,1,,3,,1
447,26.4018,-80.1828,5,1,1,1,1,5,5,5,4,4,5,4,4,4,4,5,5,5,5,5,5,4,4,4,4,4,4,4,4,2,4,4,5,5,4,3,3,4,4,2,4,4,4,4,4,2,2,3,1,,5,It could make my contribution less esoteric and more interesting. ,2
606,35.2296,-80.843,5,5,5,5,5,5,5,5,5,5,4,4,3,5,5,5,5,5,5,5,5,5,5,5,5,5,5,5,5,1,5,5,3,4,5,5,5,5,5,5,5,5,5,5,5,2,2,3,9,,4,It can help Lot and less time comsuming,3
312,43.5119,-79.6299,4,5,5,4,5,2,2,2,1,2,1,2,3,4,5,4,2,4,2,2,4,1,2,4,2,2,2,3,4,4,5,5,5,5,4,4,2,2,2,2,2,1,4,2,2,2,2,4,8,,5,It is not beneficial for my students ,1
520,40.6877,-73.9267,5,5,4,4,5,4,4,3,3,3,3,2,3,5,5,4,4,4,4,5,5,4,4,2,3,3,4,4,5,4,5,5,5,5,4,4,3,2,4,4,5,5,4,4,4,5,2,4,3,,5,"Because using AI is so new, using it in the classroom will engage students more because they will be interested in learning how it works.",1
452,36.5754,-121.8488,1,2,2,2,1,3,3,3,2,2,1,2,1,2,1,4,3,4,3,2,4,4,4,4,3,4,3,4,4,4,4,4,4,4,3,2,3,3,4,4,4,5,4,4,4,2,1,2,9,,4,Can be used to show specific images ,2
558,42.2979,-83.0527,3,4,4,3,3,3,3,3,2,3,1,1,2,4,3,3,3,4,3,3,3,3,3,3,2,3,3,3,3,3,4,3,3,4,3,2,2,3,3,2,3,3,3,3,4,3,1,4,3,,5,Not sure.,1
640,28.0791,-82.5245,5,3,4,4,5,5,3,5,4,2,4,4,3,4,3,5,5,4,5,4,4,5,4,5,4,4,4,5,4,4,1,1,1,1,2,1,4,2,5,4,5,3,3,4,4,2,1,2,2,,4,"AI tools can be used to customize learning plans for students, helping them improve their grades and enhance their enthusiasm for learning.",1
291,42.4649,-83.3684,4,4,2,4,5,2,1,1,1,1,1,1,1,5,4,3,1,1,1,1,2,1,1,1,2,1,5,5,5,4,5,5,5,5,4,3,4,1,4,2,5,4,1,3,1,2,2,4,1,,5,I could make materials that look attractive or use it to generate more review-type exercises.,3
544,38.7783,-77.1219,4,4,4,4,4,4,3,3,2,2,3,2,3,4,4,4,4,3,4,3,4,3,4,4,3,4,4,4,4,4,4,4,3,4,4,3,2,4,4,4,4,4,4,4,4,2,1,2,4,,4,It can bring you better clarification on what you are researching. ,4
370,35.4234,-97.5232,5,4,5,5,5,5,5,5,4,4,5,5,5,4,5,5,5,4,5,5,5,5,4,5,5,4,5,5,5,4,2,1,1,2,4,3,5,4,5,4,5,4,5,5,5,2,1,2,10,Astrophysics,4,It gives students an easier way to understand and it also gives them a more rapid pace for having the knowledge they need,1
203,29.6654,-95.7245,3,3,4,3,3,3,3,3,3,2,2,2,2,3,3,3,3,3,3,3,3,3,3,3,3,3,3,3,3,3,3,3,3,3,3,3,3,3,3,3,3,3,2,3,3,2,1,4,6,,4,I don’t think it’s helpful.,4
489,43.7282,-79.2323,4,4,4,4,4,4,4,4,3,3,3,3,3,2,4,4,4,3,3,3,4,4,3,3,4,3,3,3,3,3,4,3,3,4,4,4,3,4,2,2,2,3,3,4,3,2,2,3,3,,5,Time will tell.,4
386,32.5195,-96.8105,2,2,2,2,3,3,3,2,2,2,2,2,3,4,4,3,4,3,2,3,3,3,3,4,3,4,3,3,4,3,4,4,4,4,2,2,2,2,4,3,4,3,4,4,4,3,2,3,3,,5,I am not sure. I’m just learning about how they work. ,4
175,30.0043,-95.1747,4,5,4,5,4,4,5,5,4,5,4,4,5,4,4,5,4,5,5,4,4,5,4,4,4,5,4,5,4,2,4,5,4,4,5,4,5,3,4,5,5,2,4,4,5,2,2,2,1,,4,I think it can help give me an easier time setting up a schedule for certain difficult topics.,1
666,39.9597,-75.1995,4,4,2,4,4,3,4,4,3,3,4,2,4,4,2,4,4,4,2,4,4,4,4,3,2,4,2,2,2,2,2,4,4,4,4,4,3,4,2,2,4,3,4,4,4,2,2,2,1,,2,"We need to keep up with the tech our students are using, so it is imperative to integrate AI.",4
252,42.9547,-82.281,3,2,2,1,4,1,1,1,1,1,1,1,1,2,1,2,1,1,1,1,1,2,1,1,2,1,3,3,2,1,5,5,5,5,3,3,3,3,3,3,3,3,1,2,2,2,2,4,6,,5,I have no idea,1
315,41.1954,-85.1177,5,5,5,4,4,5,5,5,4,4,3,4,5,4,4,4,4,5,5,5,5,4,4,4,5,4,5,5,5,5,4,4,3,4,5,5,5,5,4,4,5,4,5,5,5,2,1,2,3,,5,I can use AI to develop engaging and creative lesson plans over my content area.,1
418,33.8578,-117.7869,3,4,3,4,4,3,4,3,3,2,2,3,3,3,2,3,3,3,3,3,4,4,4,3,3,4,3,3,2,3,5,5,5,4,3,3,3,3,4,4,4,4,4,4,4,2,2,4,1,,5,It might help but I still prefer my own way of teaching style.,4
254,45.461,-122.7052,5,5,5,5,5,5,5,5,4,4,5,4,4,5,4,5,4,5,3,5,4,5,4,5,4,5,5,5,5,5,5,4,5,5,5,4,5,5,5,5,5,5,5,5,5,2,2,4,7,,5,They are a huge help to the students ,1
344,49.2079,-122.4892,4,4,4,4,5,3,2,2,2,1,2,1,1,3,4,3,3,3,3,3,4,1,1,1,2,2,4,4,4,4,3,3,4,5,2,2,3,3,3,3,3,3,3,4,3,2,2,4,6,,4,"Asking directly for ideas of how to teach specific topics to a particular audience using activities. Generating artwork for scientific diagram,ms, but this is definitely not a reliable capability yet.",1
532,37.2821,-121.831,4,2,2,2,1,3,4,3,1,1,1,1,1,4,4,4,3,3,3,3,3,3,3,3,3,3,4,3,3,4,4,4,5,5,3,3,3,3,2,5,3,3,3,3,3,3,1,4,4,,5,It will enable creative learning if used in an appropriate manner.,1
365,41.7405,-87.6587,5,5,5,5,5,5,5,5,5,5,5,5,5,5,5,5,5,5,5,5,5,5,5,5,5,5,5,5,5,1,5,5,5,1,4,5,5,5,5,5,5,5,5,5,5,2,1,3,3,,5,It’s relevant & innovative ,1
282,39.9544,-75.1657,2,2,2,3,2,2,1,2,2,1,2,1,3,2,3,4,3,2,2,2,3,3,3,2,2,3,2,2,2,3,5,5,5,5,2,2,3,3,3,3,4,3,2,2,3,2,1,3,7,,5,I have. Thought of developing notes and rubrics ,4
283,36.2099,-81.6724,4,4,3,3,3,4,4,4,1,2,3,3,4,4,2,3,3,2,3,3,4,3,3,3,4,4,2,2,2,2,5,4,4,3,3,4,3,4,4,3,3,4,4,4,4,2,1,3,10,Library,5,reaction based learning,2
209,34.0014,-84.0144,4,4,3,4,4,2,1,1,1,1,1,1,1,3,3,3,3,1,1,1,1,1,1,1,1,1,4,4,4,4,5,5,5,5,3,1,1,1,3,1,1,3,1,1,1,3,1,4,7,,5,I don't.,2
568,43.6381,-84.2029,1,3,1,2,3,1,1,1,1,1,1,1,1,4,4,3,3,1,1,1,3,1,3,1,2,2,3,3,3,3,4,3,3,3,1,1,2,2,3,2,2,3,1,1,1,2,2,2,8,,5,Not at all,2
242,32.799,-79.9571,4,4,4,4,4,4,4,4,2,1,1,1,2,3,3,3,3,4,4,4,3,3,3,3,3,4,3,3,3,2,4,4,4,4,2,3,3,4,3,4,3,3,3,3,3,2,1,2,1,,3,It can create new ways for them to engage with each other.,4
458,28.5009,-81.3185,5,4,3,4,5,3,4,5,5,4,3,2,3,5,3,4,4,5,3,3,5,4,3,2,1,2,1,2,3,4,5,4,3,5,4,1,2,4,5,4,3,2,1,2,3,2,2,4,3,,5,I think Generative AI tools will be very helpful for the students and it’s an excellent tool for them.,1
655,39.2756,-77.2115,4,4,4,3,4,4,4,4,2,3,2,2,3,4,4,4,4,4,4,4,4,4,4,4,3,3,4,4,4,4,3,3,3,3,3,4,4,3,4,4,4,4,4,4,4,3,2,4,3,,5,It will save time.,4
335,35.1947,-80.744,4,2,3,4,2,1,1,3,2,2,3,4,2,4,5,4,5,5,3,4,4,2,5,2,4,4,4,3,2,4,1,3,5,3,5,2,3,1,5,2,4,5,5,3,4,5,2,4,3,,3,I think it’s all right but students cheat ,2
400,40.8019,-73.9285,3,4,2,2,5,3,3,2,2,1,1,1,2,3,3,3,3,3,2,3,4,3,3,3,2,3,1,3,1,1,4,3,4,4,1,1,1,1,3,3,3,3,3,3,3,3,2,4,7,,3,I’m not really sure,4
539,47.8561,-121.9467,5,4,5,5,5,4,5,5,4,4,4,3,4,4,5,5,5,5,5,5,5,4,5,4,4,5,4,5,5,4,2,3,2,4,4,5,4,4,4,4,4,4,5,5,5,3,2,3,6,,4,Editing classroom training so that it is comprehensive but succinct ,1
964,45.5304,-73.349,2,2,4,4,2,4,1,1,2,2,3,3,1,5,5,5,4,1,4,4,1,1,1,1,1,1,2,2,1,2,5,4,3,3,2,4,2,3,5,4,4,5,4,4,4,4,2,2,8,,5,,4
262,26.4525,-80.1562,3,4,3,4,4,4,4,4,3,3,3,3,2,4,4,3,4,4,4,4,4,3,4,3,4,3,2,4,4,4,5,4,3,4,3,3,4,3,3,3,3,3,4,4,3,3,1,2,2,,5,Easy learning experience,4
288,33.8775,-84.5017,4,4,3,3,4,4,4,4,3,3,4,4,3,3,4,4,4,4,3,3,4,3,4,2,3,3,3,3,3,4,4,5,3,5,4,3,3,4,2,2,4,2,4,4,4,3,2,3,1,,5,"It will lend itself to more creativity and engagement, which will be great for students",4
155,39.0005,-76.9712,4,5,5,4,4,4,5,3,3,2,4,3,4,5,4,3,4,3,5,3,5,4,3,5,4,3,5,4,3,2,4,3,5,4,4,3,4,4,4,2,4,5,5,4,5,1,2,2,4,,4,I think it’s an effective way for my students to learn.,1
358,43.6426,-79.4002,5,4,4,4,4,3,4,3,1,1,1,2,4,4,3,4,4,4,4,4,5,4,4,4,4,4,5,5,5,4,4,4,5,5,3,4,3,3,3,4,4,4,5,4,5,1,1,3,5,,2,It could cultivate greater engagement and stimulate conversation.,4
165,38.8842,-76.9941,5,5,5,5,5,5,5,5,5,5,5,5,5,5,5,5,5,5,5,5,5,5,5,5,5,5,5,5,5,5,3,5,5,5,5,5,5,5,5,5,5,4,5,5,5,1,2,3,3,,3,"I honestly believe it is amazing but quite scary at the same time, many jobs will be taken over!",1
342,33.6139,-84.0657,4,5,5,4,4,4,4,3,3,3,4,3,3,4,4,4,4,4,3,4,5,4,5,4,4,4,4,5,4,3,3,4,3,4,5,3,3,4,3,4,4,3,4,4,3,1,1,3,4,,2,It’s Can make things more fun,4
332,25.761,-80.2325,4,4,3,3,4,4,4,4,3,3,4,3,4,5,4,4,5,5,5,5,3,3,5,4,4,5,5,5,3,4,3,3,5,4,4,4,3,3,4,2,5,3,5,5,5,2,1,3,4,,4,Generative AI tools will enhance classroom by allowing students to have more free time to engage with instructors due to less time being required to complete research work.,4
