Duration (in seconds),LocationLatitude,LocationLongitude,AW_1,AW_2,AW_3,AW_4,AW_5,ATT_1,ATT_2,ATT_3,USE_1,USE_2,USE_3,USE_4,USE_5,SE_1,SE_2,SE_3,PENJ_1,PENJ_2,PENJ_3,PENJ_4,PE_1,PE_2,PE_3,PE_4,PE_5,PE_6,EE_1,EE_2,EE_3,EE_4,PR_1,PR_2,PR_3,PR_4,SI_1,SI_2,SI_3,SI_4,FC_1,FC_2,FC_3,FC_4,BI_1,BI_2,BI_3,Age,Gender,Education,Field_Teaching,Text_Field,Experience,Open_ended
421,41.0817,-74.1863,5,5,4,4,5,5,5,5,5,4,4,5,5,5,4,5,5,5,5,5,5,5,5,5,5,5,5,5,5,5,3,3,3,4,3,3,3,4,2,2,3,3,5,5,5,2,2,4,2,,4,
417,41.0817,-74.1863,4,5,4,4,4,5,4,5,3,3,4,2,3,4,4,4,4,4,4,4,4,5,5,3,4,4,4,4,4,4,4,3,4,5,3,3,4,4,3,3,3,4,4,5,5,2,1,4,2,,4,
240,41.0817,-74.1863,4,4,4,4,5,4,4,4,3,3,4,2,3,4,4,4,4,4,5,5,4,5,4,4,4,4,4,4,4,4,4,5,4,5,3,3,4,4,3,4,4,4,4,4,4,2,1,4,2,,4,
413,41.0817,-74.1863,5,5,4,5,5,5,5,5,4,4,4,5,5,5,5,5,5,5,5,5,5,4,5,5,5,5,5,5,5,5,4,4,3,4,3,3,3,4,3,3,3,3,5,5,5,2,2,4,2,,4,
286,41.0817,-74.1863,5,5,5,5,4,4,4,3,2,2,2,4,5,5,4,5,4,4,4,5,4,4,5,5,4,5,4,4,4,4,2,2,2,2,3,4,3,4,4,1,5,5,4,4,4,1,2,1,4,,2,
2572,40.4496,-74.6566,4,4,4,4,4,4,4,4,3,2,3,2,4,4,4,4,4,4,4,4,4,4,4,4,4,4,4,4,4,4,4,4,4,4,3,3,4,4,4,3,3,3,4,4,4,2,2,4,2,,5,"excitement about new technology, increase relevance of course materials to students"
396,40.2152,-74.7471,5,5,5,5,5,3,4,3,1,1,1,1,4,5,5,3,3,4,5,3,4,4,3,3,3,1,4,4,4,1,5,5,5,5,1,1,3,1,1,1,1,1,1,1,1,2,2,4,3,,5,By providing resources that could be tailored to their learning
840,40.0713,-74.8449,4,4,4,4,5,4,5,5,3,3,4,4,4,4,4,5,5,5,5,4,3,3,4,3,5,3,4,5,4,4,5,2,2,5,3,3,1,2,2,1,1,1,4,5,5,2,2,4,10,"Librarian, Education ",5,I think that Generative Ai can create more equity between native English speakers and those who use it as second language. I also thinks AI engaged student but I think they need to look at this technology and/or any technology from a critical lens.
4478,43.7063,-79.4202,4,4,3,2,4,4,5,5,4,3,4,4,5,2,2,4,5,5,5,5,4,5,5,5,4,5,4,4,4,2,4,3,4,5,3,3,2,3,1,1,5,4,5,5,5,1,2,4,2,,4,Eliminating of repetitive work and focusing on novel ideas
1219,43.6911,-79.3353,4,4,4,5,3,4,4,4,4,3,3,2,5,4,3,4,4,5,5,5,4,3,3,2,4,5,4,4,4,4,2,5,4,4,3,3,4,2,4,4,5,4,5,5,5,2,1,4,2,,3,By designing games and providing discussion questions. 
1061,35.584,139.5621,3,4,3,4,5,3,3,2,1,1,1,1,1,4,4,5,1,3,3,2,3,3,4,2,2,3,3,3,4,3,5,3,4,5,2,1,3,2,3,4,4,2,2,4,3,2,2,4,7,,4,
636,40.935,-74.1176,4,3,1,2,5,3,2,2,2,1,3,3,4,5,4,4,2,3,2,3,4,1,2,1,1,1,5,5,5,5,4,5,5,5,3,3,3,4,4,1,3,3,2,3,2,2,1,4,2,,4,
463,40.0305,-74.9528,1,4,1,1,4,1,2,2,1,1,1,1,1,4,4,2,3,4,3,2,3,3,3,3,3,3,3,3,3,3,4,4,4,5,1,1,1,1,3,3,1,2,3,3,3,2,2,4,3,,5,"I answered neither agree nor disagree for a number of items because I have no experience using AI. I'm unsure how student engagement could be enhanced with its use, not knowing what it can do.  I "
378,40.5511,-74.4606,4,4,2,2,4,3,3,4,2,2,2,2,3,4,4,3,3,5,3,4,3,4,3,3,3,4,4,4,4,4,5,5,5,5,3,3,3,3,3,1,3,3,3,4,3,2,2,4,3,,5,I work with future educators and practicing teachers. I think studying the tool as we use it and as our K-12 students may use it is important in our work. 
882,41.1341,-73.7831,4,5,5,4,5,5,5,5,3,3,3,1,5,5,5,5,4,5,5,5,4,5,4,3,3,5,5,5,5,4,4,5,4,5,3,3,3,4,5,2,4,4,5,5,5,2,2,4,8,,4,interactive learning experience
686,43.6661,-79.529,5,4,5,5,5,5,5,5,5,5,5,4,5,5,5,5,5,5,5,5,5,3,5,5,5,5,5,5,5,2,5,5,1,4,3,2,4,4,5,1,4,4,5,5,5,2,2,4,2,,5,"By bringing in new strategies of engagement that teacher did not know before, by helping teacher put forward in language students would understand."
342,-37.7837,175.2824,4,4,3,3,4,3,3,2,1,1,3,1,2,4,3,3,2,2,2,2,2,2,4,3,2,3,3,4,3,3,4,5,4,4,2,3,3,3,2,2,2,2,2,2,2,2,1,2,3,,3,
666,41.9215,-87.6446,4,4,5,4,5,5,4,5,3,3,4,4,5,5,4,5,5,5,5,5,4,5,5,3,5,5,4,4,3,3,4,2,2,4,3,4,2,3,4,2,3,5,5,5,5,2,2,4,2,,4,"By breaking down language barrier, ease of verifying basic 'facts', allow us to focus on knowledge creation with students instead of transferring facts, enables productivity boost in basic tasks so that students can engage in higher value parts of classroom experience, forces faculty to think more about activities that tranform student lives, able to deploy more learning by doing instead of learning by memorizing.  "
744,53.8258,-1.5205,4,4,4,4,4,4,4,4,1,1,1,1,4,4,2,1,2,4,4,4,2,1,1,1,1,1,4,4,2,4,2,4,4,4,2,2,2,2,2,2,2,2,2,2,2,1,1,4,2,,3,NA
436,40.7428,-73.9712,5,5,4,4,5,5,5,4,4,4,2,3,2,3,3,4,3,3,3,3,4,4,4,4,4,4,4,4,4,4,5,4,5,5,2,2,1,4,1,1,1,1,3,3,3,2,2,4,5,,4,
609,40.7428,-73.9712,5,5,3,4,5,4,4,5,2,1,3,1,4,4,4,4,4,3,2,2,3,1,3,1,1,4,4,4,3,2,5,5,5,4,4,4,4,3,1,1,2,1,4,4,4,2,1,4,2,,3,I don't use Generative AI in my classroom
395,40.2152,-74.7471,3,3,2,2,4,3,2,3,1,1,1,1,1,4,3,2,,1,,,3,1,1,3,3,3,,,,,5,5,5,5,3,3,3,3,3,3,3,3,3,2,3,3,4,4,2,,5,
304,43.1601,-87.9944,3,2,2,3,4,1,1,1,1,1,1,1,1,2,2,3,1,1,1,1,1,1,1,1,1,1,3,3,3,3,4,5,5,5,2,2,1,2,3,3,4,4,1,1,1,1,1,4,2,,4,
458,39.8461,-75.2044,5,5,5,5,5,5,5,5,3,3,2,2,2,4,4,4,4,5,5,5,4,4,4,3,4,4,4,5,4,4,3,2,2,2,5,5,5,5,5,4,4,4,4,4,5,1,1,4,4,,5,
2676,51.3997,-0.2515,4,4,4,4,4,5,5,4,3,2,4,2,3,5,4,4,5,5,5,5,5,5,5,3,4,4,4,4,5,4,4,2,3,3,3,4,3,3,3,4,4,4,5,4,4,1,1,4,2,,4,
951,40.8022,-74.1914,5,3,4,4,3,3,3,2,1,1,1,1,1,5,5,5,3,2,1,2,3,1,1,1,1,2,3,3,3,3,3,3,3,4,1,1,3,3,3,3,3,3,3,3,2,3,1,4,2,,5,
501,39.8918,-74.8925,2,2,2,1,2,4,4,4,1,1,1,1,1,5,3,4,3,3,3,3,2,3,3,3,1,3,3,3,3,3,5,4,4,4,1,1,1,1,3,3,3,3,3,4,3,3,1,4,1,,5,
485,36.1021,-97.0636,2,4,1,2,5,4,4,3,1,1,2,2,2,3,2,2,3,4,4,3,4,4,3,2,4,4,2,2,3,3,5,5,5,5,3,4,3,3,3,3,2,3,4,4,3,2,1,4,4,,4,
473,40.325,-74.2682,1,1,1,1,1,4,4,4,1,1,1,1,1,2,1,1,2,4,4,3,2,2,4,3,3,4,1,4,2,2,4,2,2,4,3,3,3,3,2,2,4,4,4,4,2,2,1,4,2,,5,No idea
247,40.2104,-74.8278,5,4,4,5,4,4,3,5,3,4,3,2,4,5,3,4,4,5,5,5,5,4,4,3,3,4,4,4,4,4,5,4,5,5,3,3,3,4,3,3,3,3,4,4,4,3,2,4,2,,5,
254,40.2104,-74.8278,4,4,4,4,4,3,4,4,1,1,1,1,1,4,4,4,4,4,1,3,4,4,1,1,4,4,3,4,4,3,5,5,5,5,2,4,3,3,3,3,4,4,4,4,4,2,2,4,2,,5,
298,40.0782,-75.1299,3,3,3,3,4,4,3,2,1,1,1,1,3,4,3,3,2,4,3,2,2,3,4,2,2,3,3,4,3,2,5,5,3,4,2,2,3,4,1,1,1,1,3,3,3,2,2,4,2,,5,
293,37.661,126.8324,3,4,4,2,4,4,4,4,2,2,3,2,2,3,4,4,4,4,4,4,4,3,3,4,4,4,3,3,3,3,5,5,5,5,4,4,4,4,3,3,4,2,4,4,4,1,2,4,2,,2,I believe it will definitely increase engement in the classroom
309,40.2152,-74.7471,5,5,5,5,4,5,5,5,3,3,4,4,5,4,4,5,5,5,5,5,5,5,5,5,4,4,5,5,5,5,4,4,4,4,4,4,4,4,5,4,4,5,4,4,4,1,1,4,4,,2,
827,37.7506,-122.4121,4,4,3,4,5,4,4,3,1,1,2,1,3,5,4,3,3,3,3,3,2,2,2,2,4,4,5,5,5,5,5,5,5,5,1,1,1,1,3,4,2,2,2,2,2,1,2,4,8,,4,"I don't think students should use Generative AI tools in my classes because students must train their critical thinking. We shouldn't ask Generative AI to think for students. However, in advanced classes (400+), for these open and unsolved questions, maybe I can give it a try to guide students to use Generative AI."
1195,40.2687,-74.8243,4,4,4,4,5,3,4,4,1,3,3,1,3,5,5,5,3,5,4,4,1,4,3,1,1,4,5,5,5,5,5,5,3,5,3,3,4,5,3,3,5,4,4,4,4,3,2,4,2,,5,Maybe
696,39.9528,-75.1646,4,4,4,4,4,4,5,5,1,1,1,1,5,5,4,4,3,5,5,5,3,4,4,3,3,3,5,5,5,4,2,3,3,4,4,4,3,5,3,4,4,4,5,5,5,3,1,4,2,,5,"Providing experimental opportunities for hands-on work to generate results (in Excel, for example) so students can see what is possible."
279,45.5154,-73.5822,4,5,4,3,4,5,5,5,4,4,4,2,4,5,4,5,5,4,4,4,5,4,5,4,4,4,4,4,4,4,3,4,3,3,2,4,3,2,4,2,2,2,5,4,5,1,1,4,2,,5,significantly enhance
441,40.185,-75.0041,1,3,2,2,3,3,3,4,1,1,1,1,1,3,3,2,3,4,3,4,4,3,3,3,2,3,3,3,3,3,4,4,3,5,3,3,3,3,2,1,3,2,4,4,4,2,2,4,6,,5,
997,40.3952,-74.766,4,4,4,3,4,2,2,2,1,1,1,3,1,4,4,4,1,5,4,2,1,1,1,4,4,2,4,4,4,4,4,3,3,5,1,1,3,2,4,1,4,4,4,4,4,2,1,4,8,,5,"I am not sure how the AI tools could enhance student engagement in the classroom. At this time there are mathematical errors and deficiencies in the Generative AI tools. In the future, when the AI tools are improved, I think the AI tools could enhance teaching mathematics."
312,46.4799,-80.9232,3,3,3,3,3,4,5,5,2,2,3,1,1,2,2,4,3,4,4,3,3,3,4,3,2,3,4,4,4,3,2,2,3,4,3,3,2,2,3,1,2,2,4,4,4,1,1,4,2,,4,
275,55.9737,-3.2269,4,4,4,3,4,4,4,4,3,3,3,3,2,4,5,4,3,3,4,4,3,3,2,3,4,3,4,4,4,5,5,5,4,5,3,4,3,3,3,3,4,3,4,4,3,1,2,4,2,,4,
227,40.2152,-74.7471,4,4,4,4,4,2,2,2,3,3,2,2,3,2,2,2,3,2,2,2,2,2,2,2,2,2,2,2,2,2,4,4,4,4,3,3,2,2,2,1,3,2,2,2,2,2,2,4,2,,5,
277,45.748,4.85,4,4,4,4,4,5,5,5,3,3,3,3,3,5,4,5,4,3,4,3,3,4,3,3,5,3,4,4,4,4,4,4,4,4,4,4,4,4,4,4,4,4,4,4,4,1,1,4,2,,3,
400,40.734,-74.0712,4,4,3,4,4,4,3,3,1,4,3,1,3,4,3,3,3,4,3,3,2,2,2,2,2,2,3,3,3,3,5,5,5,5,3,3,3,3,3,2,4,4,4,4,4,2,4,4,2,,4,primarily access to breadth of knowledge at enhanced speeds
442,40.5175,-74.3991,5,5,5,5,5,5,5,5,2,1,1,2,2,5,5,5,2,3,4,4,4,4,4,4,4,4,5,5,5,5,4,3,2,4,3,3,4,4,5,5,5,5,5,4,5,2,1,4,2,,4,By defining better curriculum that is centered around AI
413,40.8148,-74.1378,5,5,5,3,4,5,5,5,2,3,3,2,5,5,5,5,4,5,5,5,4,4,5,5,3,4,5,5,5,2,3,4,3,4,3,3,3,4,4,1,2,2,5,5,5,2,1,4,2,,5,"By allowing students to generate better, more creative content. "
238,41.1893,-74.0432,4,4,3,2,4,2,2,1,1,1,1,1,1,4,3,3,1,1,1,1,2,2,1,1,1,1,3,4,4,3,5,5,5,5,2,1,3,1,1,1,1,1,1,1,1,2,1,4,7,,5,
436,41.5097,-73.9634,4,2,4,5,5,2,1,1,1,1,1,1,1,3,3,3,1,1,1,1,4,1,1,2,1,1,3,3,3,3,3,5,4,5,3,1,3,1,3,3,3,3,1,1,1,2,1,2,1,,5,I don’t.
320,40.8231,-73.9513,5,5,5,3,5,4,4,4,4,3,3,3,3,5,5,5,4,4,4,4,5,4,4,4,2,4,4,5,5,5,4,5,1,5,3,3,3,1,1,2,1,2,5,5,5,1,2,4,1,,4,N/A
348,40.9867,-74.0597,4,4,4,4,4,4,4,4,4,3,2,3,3,4,2,4,4,4,4,4,4,4,3,3,3,4,4,4,3,2,4,3,3,5,3,3,3,3,2,3,3,3,4,4,4,2,2,4,2,,5,
308,40.9098,-74.6585,4,4,2,2,4,3,4,4,3,3,1,2,3,2,2,3,3,5,4,3,4,4,3,4,3,3,3,4,3,3,5,5,4,4,3,3,3,3,3,2,3,3,4,3,3,3,2,4,5,,5,Not sure new.  But I have used it to assist with case study creation 
464,40.9451,-74.2531,2,4,2,1,4,4,4,4,3,2,3,1,3,4,3,2,4,4,4,3,4,4,4,4,4,4,3,3,2,3,3,3,3,3,2,3,2,2,2,2,2,2,4,4,4,2,2,3,5,,5,
383,40.7869,-74.2535,5,4,3,3,4,3,3,4,2,4,1,1,1,2,3,4,4,2,1,2,4,2,1,3,3,1,3,4,3,1,5,5,5,5,4,1,3,1,1,3,1,2,4,4,4,2,2,4,1,,5, I am encouraging the use of AI for writing second drafts(after they have written their own already). I have a feeling in the future we will all be merging AI text with our original texts.
2280,41.0817,-74.1863,5,5,5,4,4,5,4,5,3,2,3,4,5,4,4,5,4,5,5,4,4,4,4,4,5,4,5,5,5,5,5,4,3,4,3,4,4,3,5,3,4,4,4,4,4,1,1,4,4,,5,"Interactive Learning Materials, Real-world Applications, "
362,40.9124,-74.4113,4,2,3,4,5,1,1,1,1,1,1,1,1,4,1,3,1,1,1,1,1,1,1,1,1,1,3,3,3,3,5,5,5,5,1,1,1,1,3,3,5,5,1,1,1,5,4,4,7,,5,"Don’t think it will,"
404,40.793,-74.0247,5,3,4,5,5,1,3,2,1,3,1,1,3,5,5,5,1,1,5,1,1,3,1,3,1,1,5,5,5,4,3,5,5,5,3,2,3,2,1,3,5,5,4,4,4,2,1,4,1,,5,"I only have one assignment that uses generative AI, and the assignment asks the students to talk about the tool itself in relation to ideas about authorship."
339,40.8518,-73.8705,4,3,3,2,3,2,2,2,1,3,2,1,1,3,2,2,2,2,2,2,2,3,4,2,3,2,3,3,3,2,5,5,4,5,3,3,4,2,2,2,3,3,2,2,3,2,1,4,3,,5,I show my students how to use chatgpt to create lesson plans or get ideas for lesson plans.
14776,41.0916,-74.3719,2,2,1,1,4,2,3,2,1,1,1,1,1,3,2,2,2,2,2,2,1,3,3,3,3,3,2,3,3,2,4,3,3,4,2,4,3,2,2,2,2,2,2,2,2,2,1,4,6,,5,Still unknown.
459,42.1815,-71.3011,5,5,4,5,5,5,3,5,1,1,1,1,5,5,5,4,3,5,5,4,2,2,2,3,3,3,5,5,5,4,4,3,5,5,1,1,3,3,4,4,3,4,2,2,2,3,1,2,2,,4,"While I use AI in my business to help guide short memos, I am firmly opposed to my students ultilising in the classroom and assignments."
482,41.0911,-73.9199,2,3,1,4,5,3,4,4,1,1,1,1,1,5,5,1,3,3,3,4,3,3,3,3,3,3,3,3,3,3,3,3,3,4,3,3,3,3,3,3,3,3,4,4,4,3,1,4,2,,5,I don't know.
505,40.9241,-74.514,3,4,2,1,4,4,1,1,1,1,1,1,1,3,2,2,1,1,1,1,1,1,1,1,1,1,3,3,3,3,5,5,5,5,1,1,1,1,3,3,3,3,1,1,1,1,1,4,2,,5,"Google searching (and similar engines) have made 'research' too easy and, more importantly, too lazy. I fear AI will add the extra flare to writing, research, design, etc. that will in turn make the student brain even lazier, and less equipped to solve on their own. Too much reliance on tech makes the individual too reliant on tech. They will become worse because of it (my thoughts). I've been teaching quant-like courses for 14 years and the ability to think has eroded. I graduated undergrad <20 years ago, and the difference in my cohort (we had internet and search engines) is much different from the students now. They were born with tech that lets them send video messages with their faces replaced by toasters that vomit rainbows, but they don't know how to calculate a simple percent change? The robots will win...."
235,40.8802,-74.292,5,3,5,3,5,1,1,1,1,1,2,1,1,3,3,3,1,1,1,1,1,1,1,1,1,1,3,3,3,3,5,5,5,5,1,1,1,1,3,3,5,2,1,1,1,1,1,4,9,,4,I do not think using AI will enhance student engagement
356,41.0496,-73.7782,4,4,3,3,4,3,2,3,2,3,2,2,3,3,2,4,3,3,3,3,4,2,3,3,4,3,3,4,3,2,3,4,4,4,3,3,3,3,2,2,2,2,4,4,4,2,2,4,9,,5,"Help students jumpstart papers, research projects, etc."
386,42.8482,-73.7863,5,5,5,4,5,4,4,4,2,3,2,4,4,5,5,5,4,5,5,4,3,4,3,4,3,5,5,5,5,5,5,5,4,5,3,3,3,3,5,3,4,5,4,4,4,2,2,4,8,,5,"Already used in many software products from textbook companies, also in ethics and draft writing."
493,41.2632,-74.3767,4,4,1,2,5,2,2,2,1,2,1,1,1,2,1,1,3,3,3,3,2,2,2,2,2,2,3,3,3,3,1,1,1,1,3,3,3,2,2,2,1,3,2,3,2,3,1,4,1,,5,I wonder if generating rough drafts or outlines using AI might help some students.
212,40.9163,-73.7898,4,4,4,4,5,3,4,2,1,3,3,3,3,4,5,5,3,2,3,2,2,2,2,2,2,2,4,4,4,3,2,2,2,2,1,1,3,3,3,3,3,3,3,3,3,2,2,2,2,,5,
308,40.8125,-74.2134,4,4,3,2,5,3,2,2,2,2,2,2,2,3,2,2,3,3,3,2,3,3,3,2,3,3,3,4,3,3,4,5,3,4,3,3,3,2,2,2,2,2,2,2,2,1,2,4,7,,5,
263,40.942,-75.0521,4,4,4,4,4,2,2,3,1,1,1,4,1,3,4,3,2,3,2,1,2,1,1,3,2,1,2,3,3,3,2,3,2,5,3,3,3,3,2,3,3,3,4,4,4,2,2,4,6,,5,enhance critical thinking / information literacy
291,41.0817,-74.1863,2,3,1,1,2,1,1,1,1,1,2,1,1,3,2,3,2,1,1,1,2,1,2,1,1,1,3,3,3,3,5,5,5,5,4,4,5,5,3,3,3,3,2,3,2,5,4,4,2,,5,
376,41.0817,-74.1863,4,5,4,4,5,5,4,5,2,1,1,1,4,4,3,4,3,5,5,5,3,4,4,3,3,4,4,4,4,4,5,5,5,3,4,4,4,4,4,4,3,4,4,4,4,1,2,4,2,,2,
367,40.7828,-73.9745,3,3,1,1,4,1,1,1,1,1,3,1,1,5,5,5,3,1,1,1,1,1,2,1,1,1,5,5,5,3,5,5,5,5,3,3,3,3,3,2,2,2,1,1,1,5,4,5,2,,5,"Not at all. It is likely to have the opposite effect, especially if it reduces instructor originality in pedagogy design."
539,33.8229,-84.3535,5,5,5,5,5,4,4,5,5,4,5,5,5,5,2,4,4,4,4,4,4,3,5,4,1,4,3,2,4,4,4,2,2,5,2,4,1,1,1,1,1,4,5,5,5,1,2,4,2,,1,
1122,42.3388,-71.0726,5,4,4,4,3,4,4,4,3,3,3,2,3,5,5,5,4,5,5,4,5,5,4,2,3,5,5,5,5,5,5,2,3,4,3,3,3,5,4,1,3,2,5,5,5,2,2,4,2,,5,"I use LLMs (Generative AI tools) to aid in creation of material for my courses. I also have the students utilize Generative AI for course work. I have students fact checking information created by Generative AI, I also recommend that students can use it for coding and debugging of code. "
321,41.0817,-74.1863,4,4,4,4,3,4,3,3,2,2,2,1,2,4,4,4,4,4,5,3,4,4,3,2,1,3,5,5,4,4,4,5,4,5,3,3,1,4,1,1,1,3,4,4,4,2,2,4,2,,5,
18,29.9734,-90.0885,,,,,,,,,,,,,,,,,,,,,,,,,,,,,,,,,,,,,,,,,,,,,,,,,,,,
294,40.9864,-74.1112,4,4,4,3,3,5,5,5,3,2,2,2,4,5,4,4,4,4,4,4,4,5,4,4,4,4,4,4,4,4,3,1,1,4,3,3,3,4,2,2,2,2,4,4,4,2,1,4,2,,5,Allowing students to complement their research and creative work.
320,41.0817,-74.1863,4,5,4,4,3,4,4,3,3,3,3,3,3,4,4,4,4,4,4,4,4,4,4,4,4,4,5,5,5,4,1,1,4,4,3,3,3,3,4,4,4,5,5,5,5,2,1,2,2,,4,
409,41.0817,-74.1863,2,4,1,1,4,3,4,4,1,1,1,1,2,4,4,4,4,4,4,4,4,4,4,4,1,4,4,3,2,3,5,5,5,5,3,3,3,3,1,1,1,1,3,3,3,3,2,4,2,,5,
957,41.2846,-73.8904,1,1,2,1,4,3,3,4,1,1,1,1,1,3,2,3,3,3,3,3,2,2,3,1,3,3,,,,,5,4,5,5,1,1,1,2,1,1,1,1,3,3,3,3,1,4,2,,5,"Not sure.  If this technology is a very fancy ""knowledge/internet scraper"", I'm doubtful about its prospective utility in our working academic lives.  Many students lack basic ""number sense"" because their experiences with numbers and symbols are too medicated by ""black boxes"" such as software.  Learning to play the violin or understand statistics must involve more engaging tactile experiences.  Welders, carpenters, and surgeons use technology to enhance their skills that are PREDICATED on extensive and repetitive tactile experiences.  I see AI will result in very uneven teaching and research results, such that those with good ""right brain"" skills for STEM topics will enhance earnings inequalities with more ""left brain"" disciplines such as the humanities and arts.   "
801,41.0817,-74.1863,1,1,1,1,1,2,2,2,1,1,1,1,1,1,1,1,3,3,3,1,3,1,2,1,1,2,1,1,1,3,5,5,5,5,3,3,3,3,1,1,2,2,1,2,1,3,1,4,2,,5,
702,40.7424,-74.0325,4,4,2,4,4,4,4,3,1,1,1,1,1,5,4,2,3,4,4,3,3,3,3,2,2,2,3,3,4,4,2,2,5,5,1,1,4,3,3,4,5,5,2,4,2,1,1,4,2,,4,I believe generative AI tools could create interesting cases for students to work through.
640,40.8271,-73.9359,4,4,3,2,4,4,3,3,1,3,1,1,3,5,4,5,3,4,3,3,4,4,4,3,2,4,4,4,4,4,2,2,3,5,1,1,1,1,3,1,4,2,4,4,5,3,2,3,2,,5,"Practical, useful tool for the business world"
678,41.1144,-74.0429,5,5,5,5,5,5,5,4,1,3,2,1,2,5,5,5,3,5,4,3,4,4,4,3,3,5,5,5,5,4,2,3,4,3,3,3,3,3,5,3,4,5,5,5,5,2,1,4,4,,5,
321,40.7547,-73.9614,2,2,2,2,2,4,3,3,2,2,2,2,2,3,2,2,2,2,2,2,1,2,2,2,2,2,3,2,2,2,5,5,5,5,3,3,4,2,3,3,2,2,2,2,2,2,4,4,11,,5,
780,40.9451,-74.2531,5,4,5,5,4,5,5,5,3,3,3,2,3,5,5,4,5,5,5,5,4,4,4,3,4,4,5,5,5,2,4,2,2,2,1,3,3,5,5,1,5,5,4,4,5,3,2,2,10,Communication Design,5,"Ideation, speculative design, speculative futures, code assistance and generation"
442,41.0817,-74.1863,3,1,1,1,2,3,1,1,1,1,1,1,1,1,1,1,1,1,1,1,1,1,1,1,1,1,1,1,1,1,1,1,1,1,1,1,1,1,2,2,2,2,2,1,1,3,1,4,7,,5,
552,33.9541,-81.1422,1,1,2,1,5,1,1,1,3,3,3,3,3,4,4,4,4,5,5,4,4,4,4,4,4,4,4,4,4,2,4,4,4,4,2,2,4,2,2,2,2,2,5,5,5,3,2,4,2,,5,To engage in more learning opportunities and earn MS Excel credential badges to list on students’ resumes and LinkedIn accounts.
363,34.1416,-80.8886,4,4,4,4,4,4,5,5,2,3,3,2,3,5,4,4,4,5,5,4,3,5,3,3,3,4,4,4,3,3,3,4,4,5,3,3,3,3,4,4,4,4,5,5,5,3,2,3,2,,5,
499,40.7182,-74.0476,4,4,3,2,4,4,4,3,1,1,3,1,3,4,4,4,3,4,3,3,4,4,4,2,3,4,3,4,3,3,3,4,4,4,1,2,2,2,3,4,4,4,3,3,3,2,2,4,6,,3,Not sure. 
391,40.9365,-74.0132,4,4,3,3,4,3,3,3,2,2,2,1,2,4,4,4,3,3,3,3,3,3,3,2,2,2,4,4,4,4,4,4,4,4,1,1,3,2,4,4,4,4,3,3,3,2,1,4,6,,5,
4269,41.0817,-74.1863,1,1,1,1,5,1,1,1,1,1,1,1,1,4,2,1,1,1,1,1,1,1,1,1,1,1,1,3,3,1,5,5,5,5,4,3,5,5,2,3,1,2,1,4,1,1,2,2,10,Library- Information Literacy,5,"During an information literacy session, it could show them examples of how to plagiarize, and steal other people's ideas and data."
472,33.6816,-117.8302,4,4,3,3,4,1,1,2,1,2,1,1,1,5,4,2,2,4,3,1,1,2,3,1,2,3,4,4,4,3,5,3,5,5,3,2,3,3,2,2,5,4,1,2,1,5,4,4,8,,5,Learning to spot computational errors and reasoning fallacies
348,41.0817,-74.1863,2,3,1,4,4,4,4,4,1,1,1,1,1,5,4,5,3,3,4,3,2,4,3,2,2,4,4,3,4,2,4,3,4,3,1,1,1,2,3,3,4,4,2,3,2,3,1,4,2,,5,By incorporating AI into student assignments
206,40.7643,-74.148,2,2,2,2,2,1,1,1,1,1,1,1,1,3,2,1,1,1,1,1,1,1,1,1,1,1,3,3,3,4,5,5,5,5,2,2,2,1,3,3,3,3,1,1,1,5,4,4,3,,5,Not at all.
637,33.9632,-80.9341,2,4,2,2,2,4,3,2,1,1,1,1,2,2,2,2,3,3,3,3,4,4,4,4,3,3,3,3,3,3,5,5,4,4,3,1,1,3,2,3,3,3,2,2,2,1,2,4,2,,3,
366,39.9834,-105.143,5,5,5,4,4,5,5,5,3,5,4,3,5,4,4,5,5,5,5,4,4,5,5,3,4,5,4,4,4,4,3,2,2,4,4,4,5,5,4,3,4,5,5,5,5,2,1,2,2,,2,"We can help students move from planning to execution because GenAI helps do the basics that take so much time, but add little value relative to the time it takes to create. "
257,39.872,-105.0405,5,5,5,5,5,5,5,5,5,5,5,5,5,5,5,5,5,5,5,5,5,5,5,5,5,5,5,5,5,5,2,1,2,2,3,3,3,4,5,5,5,5,5,5,5,2,1,4,2,,5,"Better images on slides, better examples in class"
307,41.0817,-74.1863,5,5,3,3,4,3,3,4,1,2,1,1,3,2,4,3,3,4,4,3,3,3,3,3,3,3,3,3,3,3,3,4,5,5,2,3,2,2,2,2,2,2,2,2,2,2,2,2,1,,5,I think it can help with brainstorming and feedback
529,43.266,-79.9441,4,4,3,3,3,2,2,2,2,3,3,2,3,3,3,3,3,2,3,3,3,3,2,2,2,3,2,2,2,2,5,4,5,5,3,3,2,2,2,2,2,2,3,2,2,5,4,4,4,,5,
537,43.6426,-79.4002,4,4,4,4,4,2,2,2,1,2,1,1,2,5,3,5,3,3,3,3,3,3,3,3,3,3,3,4,4,3,4,3,4,4,4,4,3,4,4,5,5,5,4,4,3,3,1,4,2,,5,I’m not sure. I need to better understand and learn all the functionalities the generative AI can offer first before I can think of how to use these tools in the classroom. 
461,43.4051,-79.7214,5,5,5,5,4,4,3,3,3,3,1,3,4,5,5,5,4,3,4,3,4,3,2,1,1,3,5,4,4,5,3,1,2,4,3,3,3,3,5,1,5,5,2,3,3,2,1,4,2,,5,
272,40.8125,-74.2134,2,2,2,2,3,2,2,2,1,1,1,1,1,3,3,3,2,2,2,1,2,2,1,1,2,2,3,3,3,3,5,5,5,5,3,1,2,1,2,2,3,3,2,2,2,2,1,2,1,,5,
274,43.7306,-79.4217,5,5,4,4,5,4,4,4,3,4,4,2,5,5,4,5,5,5,5,5,4,4,4,2,4,4,5,4,5,4,2,2,2,5,3,4,3,3,4,2,4,4,5,4,4,2,1,4,2,,5,
1583,45.4153,-75.6894,4,4,2,2,3,4,4,4,2,2,3,2,2,2,2,3,4,4,4,4,4,4,3,3,3,3,3,3,3,3,4,3,3,3,3,3,3,3,2,2,3,2,4,4,4,2,1,4,2,,5,
337,43.879,-79.2638,2,2,1,2,3,3,3,4,1,1,1,1,1,2,2,2,2,2,3,2,4,4,4,3,1,3,3,3,2,2,3,4,4,5,4,4,3,3,1,1,3,1,3,4,3,1,2,4,2,,5,"Increase relevance, introduce students to methods they will use in other contexts (i.e. work)  "
334,43.6763,-79.485,5,4,4,3,4,5,5,5,5,2,2,1,3,5,3,5,5,4,4,5,5,5,3,2,3,4,4,3,4,2,1,1,1,1,3,4,3,3,1,1,4,3,5,5,5,3,1,4,2,,5,
260,43.6576,-79.3798,2,4,2,1,2,3,4,4,1,1,1,1,1,3,3,4,4,4,4,4,2,2,3,4,4,2,2,3,2,4,4,5,5,5,4,4,2,2,1,2,4,2,2,3,3,1,1,4,1,,4,
343,39.745,-75.0924,1,2,1,2,2,3,3,3,1,1,1,1,1,3,3,3,3,3,3,3,3,3,3,3,3,3,3,3,3,3,4,3,3,3,3,3,3,3,3,3,3,3,3,3,3,4,1,3,9,,5,
279,40.6568,-75.3912,4,4,4,4,4,5,5,5,3,4,1,1,4,4,4,4,4,4,4,5,5,3,2,2,2,4,3,4,2,2,2,2,2,4,3,3,1,1,2,2,2,2,4,4,4,2,2,4,2,,5,provides a framework for students to organize their thoughts and begin exploration of ideas.
348,34.1765,-118.614,4,4,2,3,3,3,4,3,2,2,2,2,3,4,3,3,2,2,2,2,3,4,4,4,4,4,2,2,2,2,4,4,4,5,1,1,1,2,4,4,3,4,2,2,2,2,2,4,5,,5,It might increase engagment
3501,34.2601,-118.5789,5,5,5,5,5,5,5,5,4,4,4,4,4,5,5,5,5,5,5,5,4,4,4,4,4,4,5,5,5,5,4,2,5,2,3,3,3,3,1,1,1,1,5,5,5,1,1,4,2,,4,"Generative AI enhances teaching and student engagement by personalizing learning, creating interactive content, and providing instant feedback. It adapts educational materials to individual needs, making learning more effective. Through simulations and games, it makes education engaging, while its capability for automated assessments frees up teachers' time and gives students immediate insights into their progress. This technology transforms education into a more customized, interactive, and efficient experience, benefiting both teachers and students."
402,37.7045,-122.0742,3,4,2,2,2,4,3,4,2,2,2,3,4,1,3,3,4,4,4,3,4,4,3,4,4,4,3,3,3,3,4,4,4,4,3,3,3,3,2,2,2,1,4,4,4,2,2,4,1,,5,
358,37.2125,-121.8641,4,4,3,3,4,2,2,4,2,1,1,1,2,4,4,4,3,3,3,3,3,3,3,3,3,3,3,3,3,3,3,3,3,5,3,3,3,3,2,1,1,2,4,4,4,2,1,4,5,,5,
486,34.2666,-118.7643,4,4,4,4,4,5,5,5,4,4,4,2,4,4,3,4,4,5,5,5,5,4,4,3,3,5,4,4,4,3,5,3,3,5,3,4,4,4,3,4,2,4,4,4,4,2,1,4,4,,5,"By showing them how the use of Gen AI is an iterative process but at the same time, making them aware that the domain knowledge is needed and it is not a silver bullet. It is a supporting tool."
423,40.839,-73.946,4,4,4,5,5,5,5,5,4,4,2,2,4,4,4,4,4,5,5,5,5,3,4,3,5,5,4,4,3,3,2,2,4,4,3,3,1,1,3,5,5,5,5,5,5,3,2,4,5,,5,Asking students to research and verify data found in AI generated work 
400,40.6998,-74.3191,5,4,4,3,5,4,5,5,4,5,4,3,4,4,4,5,5,5,4,5,5,5,5,4,4,5,4,4,4,2,4,1,4,4,4,4,4,5,3,2,3,3,5,5,5,3,1,3,2,,3,Question formulation technique
435,40.8905,-74.0504,4,4,4,5,5,3,3,3,2,2,2,2,2,5,5,5,3,4,3,3,2,3,1,1,1,4,5,5,5,5,3,3,5,5,1,1,1,1,5,4,5,4,2,2,1,3,1,4,1,,5,
272,40.6129,-74.416,1,2,1,1,4,1,1,1,1,1,1,1,1,1,1,1,1,2,1,1,1,1,1,1,1,1,1,1,1,1,5,5,5,5,3,3,4,3,1,1,1,1,1,2,1,3,2,4,2,,5,Not sure 
738,40.7938,-74.4878,5,5,5,5,5,4,4,4,3,5,3,2,4,5,4,5,4,5,5,4,4,5,4,2,4,4,5,5,5,5,5,1,2,3,4,2,4,4,4,4,4,4,5,5,5,3,2,4,2,,5,engenders a sense of play
531,41.182,-74.4552,1,3,1,1,4,3,3,3,1,1,1,1,1,4,4,4,3,3,3,3,4,4,4,4,4,4,3,3,3,3,5,3,4,4,3,3,3,3,4,4,3,3,3,4,3,3,2,4,5,,5,"I really don't know as I have not seen, used, or learned enough about AI tools to answer the question"
470,40.3699,-74.6381,3,4,2,2,4,4,4,3,1,1,3,3,1,2,4,4,4,3,2,3,2,3,2,3,3,2,3,4,3,3,3,4,4,5,3,3,2,3,3,3,3,3,4,4,3,1,2,4,8,,2,
628,40.7428,-73.9712,5,5,4,5,5,5,5,5,4,4,3,3,5,5,5,5,5,5,5,5,5,4,4,3,4,5,4,5,4,4,4,2,2,4,4,4,4,4,4,5,5,5,5,5,5,3,1,4,2,,5,"If directed properly, Gen AI tools will help students to focus on the specific tasks at hand. They are directed to “trust but verify” the product from AI, directing them to pay attention to the content and the context of the information generated by AI."
213,-27.401,-51.2258,5,5,5,5,5,5,5,5,4,4,4,4,4,5,5,5,5,5,5,5,5,5,5,5,5,5,5,5,5,5,5,5,5,5,5,5,5,5,5,5,5,5,5,5,5,1,1,4,7,,4,none
524,40.3699,-74.6381,5,5,5,5,5,5,4,5,2,3,5,2,4,5,4,4,5,5,5,5,4,4,5,4,5,5,5,5,5,4,4,5,4,5,3,5,4,3,4,3,4,4,5,5,5,2,1,4,10,Neuroscience ,5,my course discuss whether we can use generative AI as a cognitiv emodel for the neural basis of language processing in the human brain 
505,41.3932,-73.9773,2,2,1,4,1,4,4,4,1,1,1,1,2,5,2,1,2,4,3,3,4,3,4,3,3,4,1,1,2,2,4,5,4,5,3,3,4,4,5,4,4,5,2,2,2,3,1,4,8,,5,The jury is still out.
165,40.7938,-74.4878,1,1,1,1,1,1,1,1,1,1,1,1,1,1,1,1,1,1,1,1,1,1,1,1,1,1,1,1,1,1,5,5,5,5,4,1,3,4,1,1,1,1,1,1,1,2,2,4,5,,5,I think it is a hinderance
728,40.3699,-74.6381,4,3,4,4,3,2,2,2,1,1,5,1,1,3,4,3,1,3,3,1,1,2,5,1,1,1,3,3,3,3,1,4,3,5,3,1,2,5,4,3,5,5,5,5,5,4,1,4,4,,5,Except in specific applications such as automated vehicles they have no role 
251,42.8416,-84.5817,4,4,3,3,5,2,2,2,1,2,1,1,3,2,2,2,2,2,2,2,2,3,2,2,2,4,1,1,1,1,5,5,5,5,4,3,4,4,2,1,3,1,2,3,3,2,2,2,2,,5,"We are planning to use AI for a case that we are writing with Breakout Learning, a new higher education company focused on cases and AI."
369,34.236,-118.5235,4,4,4,4,4,4,3,3,1,1,1,1,1,4,4,4,3,3,3,3,2,2,2,2,2,2,4,4,4,4,2,2,4,4,3,3,3,3,3,3,4,4,2,2,2,2,1,4,4,,5,"I don't think it would, given the nature of how I teach"
310,34.2366,-118.526,4,4,4,4,4,2,2,2,1,1,1,1,2,4,4,4,3,4,3,2,2,2,1,1,2,2,3,3,3,2,3,4,4,5,3,3,2,3,5,4,5,5,2,2,2,2,1,4,7,,5,
433,43.6836,-79.3732,4,4,3,3,3,4,4,4,2,3,2,4,4,4,3,4,4,4,4,4,4,3,4,3,1,3,4,4,4,3,1,1,5,4,4,4,3,3,3,3,4,3,4,4,4,2,1,4,2,,5,"Still a bit unclear on this, but for sure in the research of topics. "
332,40.7424,-74.0325,5,4,4,4,4,2,2,2,2,2,2,2,3,5,4,4,3,4,2,2,2,2,2,2,2,2,3,3,3,2,4,4,5,5,2,3,3,2,2,2,4,1,3,4,3,3,2,3,9,,5,Uncertain. Currently exploring this issue.
255,42.312,-71.1081,1,1,1,1,4,1,1,1,1,1,1,1,1,1,1,1,3,1,1,1,1,1,1,1,1,1,1,3,3,3,5,5,5,5,3,1,3,1,3,3,5,3,1,1,1,3,1,4,1,,5,"It couldn't. The whole point is reading, thinking, writing. You might as well ask a robot to do exercise for you to help you get in shape. "
612,42.366,-71.2271,4,3,4,3,3,4,5,5,1,1,2,1,1,4,4,4,3,4,3,5,4,4,5,5,4,5,3,4,3,1,5,3,5,5,3,3,3,3,2,1,1,1,5,5,5,2,1,4,2,,5,
236,37.7506,-122.4121,5,5,4,4,5,4,5,5,4,3,3,3,3,4,4,4,5,5,5,5,4,4,4,4,4,4,4,4,4,4,2,2,3,4,4,4,4,3,4,4,4,4,4,4,4,1,1,4,8,,2,I don't think GenAI will help with student *engagement* in the classroom specifically. 
396,42.2917,-71.7858,5,5,3,4,4,5,5,5,4,4,5,4,5,4,3,4,4,5,5,5,4,5,5,4,3,5,4,3,3,2,2,2,1,4,3,2,4,4,1,1,1,1,5,5,5,3,2,4,2,,5,i don't think it is good for engagement. It is not how I would use it. 
13398,40.7476,-74.2599,4,4,2,3,4,3,3,1,2,1,2,4,3,4,4,3,3,3,3,1,4,2,3,4,2,3,3,3,3,4,4,5,5,5,3,3,3,1,4,3,3,3,4,4,4,1,1,4,7,,2,
221,43.0475,-87.8964,5,5,5,5,5,4,4,4,2,2,2,1,2,5,5,5,3,3,3,3,4,3,3,1,2,2,5,5,5,5,5,5,5,5,3,3,2,3,5,4,5,5,4,4,4,2,1,4,4,,5,
239,42.2821,-71.8262,5,5,5,5,5,1,1,1,1,1,1,1,1,3,1,1,1,1,1,1,1,1,1,1,1,1,3,3,3,3,5,5,5,5,5,1,5,5,3,3,3,3,1,1,1,3,1,4,1,,5,"It is already corrupting my students morally and destroying their ability to think and writing critically.  (This is a bogus question, the way you have framed it.  Kind of like, ""When did you stop beating your wife?"")"
398,43.0421,-87.936,4,4,2,3,4,3,4,4,3,2,3,1,3,4,4,4,4,4,4,4,3,3,3,2,1,3,4,4,4,2,4,2,2,4,2,1,2,2,2,2,4,2,4,4,4,2,2,2,7,,5,
316,43.0421,-87.936,4,4,4,4,4,3,3,3,1,3,1,1,1,4,3,3,3,3,3,3,2,4,2,3,2,3,3,4,3,3,4,5,3,5,3,3,3,3,4,3,4,4,4,4,4,1,1,4,7,,4,"I think it is important students learn to use them, to learn the advantages and consequences of them. They are here. We at the very least must understand them."
790,39.7513,-74.9999,4,4,3,4,4,4,4,4,3,2,2,2,3,5,4,5,4,4,4,4,3,3,4,3,3,4,4,4,4,2,5,4,5,5,3,4,4,4,2,2,3,2,4,5,4,1,2,4,2,,3,AI tools can be used to create different communication modalities in the classroom. New and diverse examples can be generated by using AI tools. 
391,42.2821,-71.8262,4,4,2,1,4,5,5,5,2,4,3,1,1,1,2,4,4,4,4,3,3,4,4,3,2,2,2,2,2,2,5,4,5,5,2,4,3,2,1,1,3,1,4,4,4,2,2,4,7,,5,I think it can provide more time to do active learning in the classroom
343,42.2555,-71.7719,5,5,5,5,5,5,5,5,2,2,5,5,5,5,5,5,4,4,3,3,4,3,5,5,2,5,5,5,5,5,1,2,2,5,3,1,3,1,5,1,5,5,4,4,4,1,2,4,7,,3,I have never used AI to teach my courses. I mainly use it for research and writing. I have not clue how I would use it in the classroom for teaching. 
551,43.2642,-79.9143,4,3,4,2,4,3,4,3,2,3,3,1,3,5,5,5,3,4,3,3,2,2,3,3,3,2,4,4,4,4,5,2,4,5,2,2,3,3,3,3,3,4,4,4,4,1,1,4,4,,2,"Make them critically think. e.g., do you agree with Chat-GPT given this prompt"
377,42.2705,-71.8447,4,4,4,5,4,3,3,3,1,1,1,1,1,4,3,3,2,3,3,2,2,3,1,3,1,1,5,5,4,4,5,4,3,5,3,3,3,1,1,1,3,3,3,3,3,2,2,2,1,,5,I don't think it is necessary-my students come to my classes to avoid digital engagement.
1232,34.0634,-118.4667,3,4,2,3,4,4,4,4,2,2,3,2,4,5,5,5,5,5,5,5,5,5,5,5,5,5,5,5,5,5,4,4,4,4,3,4,3,4,3,2,2,2,4,4,4,3,2,2,4,,5,"Our students DESERVE & DEMAND the latest technology to be used in the course of their education!Gen AI is another and may be the most amazing tool since the start and use of the Web in education, and as such should be utilized to better the nature of teaching and student's learning patterns and involvement. It is NOT the end but it is another mean to be used in ones tool box. THE PROFESSOR should sremain to be the HUMAN GUIDE and the MENTOR and NOT the AI tool ! One MUST make sure of that! "
263,40.289,-74.0099,4,4,4,3,5,4,2,4,1,1,1,1,1,3,2,1,1,2,2,2,4,4,3,3,3,3,3,3,3,3,5,5,5,5,3,3,2,2,2,2,2,3,1,1,1,1,1,4,4,,1,It will not
381,40.251,-74.0504,4,5,5,5,5,2,2,2,1,3,3,1,3,4,4,4,1,1,1,1,1,1,1,1,1,1,2,2,2,2,5,5,5,5,4,4,4,4,1,1,1,1,4,4,4,2,2,4,1,,5,I notice a lot of interest in discussing AI but to be honest the tool themselves aren't as useful as I thought at the beginning. The tools are not research tools. They are generative tools. They generate information that quite often is not correct. This presents so many issues one of which is quality control which is time consuming.
514,40.2152,-74.7471,4,4,4,4,4,4,4,4,4,3,3,4,4,4,4,4,4,5,5,5,4,4,4,4,4,4,5,4,5,4,5,3,3,2,2,3,4,4,4,3,4,4,5,5,5,1,1,4,3,,4,"In my world of training future clinicians, there’s a heavy emphasis on helping graduate student to full understand how they can create individualized materials that directly connect to the learning objectives of the client. So, for example, utilizing a photo generating AI software allows for clinicians to be able to create specific visual scenes that could be utilized for meaningful talking points. Now, you don’t have to play the game of searching on Google for some thing that comes close to your idea. Now, your idea is able to come to life in the blink of an eye. And that is so clinically exciting!"
375,40.251,-74.0504,4,4,2,4,5,4,2,2,2,1,1,1,2,5,4,4,1,3,4,2,3,3,3,1,1,3,3,3,2,3,2,4,5,5,2,1,2,1,3,1,3,4,4,4,3,1,2,4,5,,5,They like playing with them- critically analyzing the results has been interesting to them
425,40.2993,-73.9891,3,2,3,2,2,4,3,4,3,1,3,2,4,1,1,4,3,4,3,3,4,4,3,3,3,4,3,3,3,5,4,3,4,5,2,2,1,2,2,1,3,3,3,4,4,5,1,2,2,,4,
392,40.7619,-74.4185,4,4,3,3,4,4,4,3,2,2,3,2,4,2,2,2,3,5,4,5,4,4,5,4,4,5,2,2,3,1,5,5,5,5,1,2,2,3,4,2,2,2,4,4,4,3,1,2,2,,5,Simply by being more accurate in my research and the ability to do more research in a shorter amount of time
266,37.3177,-122.0438,5,5,5,4,5,4,4,4,3,3,3,3,3,4,4,4,4,4,4,4,4,4,4,4,4,4,4,4,4,4,5,4,3,3,2,3,3,2,3,2,2,2,5,5,5,2,1,4,2,,4,make it more interesting 
311,34.4802,-117.4093,4,5,5,5,4,5,5,5,4,4,4,4,4,5,5,5,5,5,5,5,5,5,5,4,4,5,4,4,5,4,5,1,1,5,3,3,3,3,4,3,4,4,5,5,5,2,2,4,5,,5,I think when students are guided on how to use and to what extent it will help.  Many fear it is  plagarisim and that is because we faculty haven’t quite figured it out yet.  AI is not going anywhere and we need to learn to embrace it and not look at it as a negative.
3208,37.2599,-121.9171,,,,,,,,,,,,,,,,,,,,,,,,,,,,,,,,,,,,,,,,,,,,,,,,,,,,
479,42.2821,-71.8262,2,2,3,2,4,2,2,1,2,1,1,1,1,1,2,2,1,2,2,1,2,2,2,1,1,1,2,2,2,4,4,3,4,5,1,1,4,1,3,3,3,3,2,2,2,3,1,4,7,,5,"They may find certain information more quickly. I worry about the introduction of AI into the wide world, including academia, without any meaningful social discussion, trtansparency, or regulation. The results could be terrible for students, faculty, and society in general."
382,40.266,-74.5217,4,4,4,3,5,3,2,3,3,2,2,2,3,3,2,4,4,5,5,3,2,2,1,1,1,1,4,4,4,3,3,5,5,5,1,1,1,1,1,1,2,4,5,5,5,2,2,4,1,,5,I think it can add to the creativity of content and activities.
295,40.3014,-74.0705,5,5,4,4,5,5,5,5,4,4,2,2,4,4,4,5,5,5,5,5,4,4,5,3,4,5,4,4,4,2,4,2,2,5,4,5,4,5,1,2,1,2,4,5,5,1,2,4,3,,5,
302,40.7869,-74.2535,4,4,3,3,3,4,4,4,3,3,3,3,3,4,4,4,4,4,3,4,4,4,4,4,4,4,3,3,3,3,2,2,2,2,3,4,4,3,3,3,3,3,4,4,4,3,1,2,2,,4,experientially
445,40.8,-73.9763,3,4,2,4,4,2,1,1,1,1,1,1,1,4,3,4,3,2,1,1,2,1,1,2,1,1,1,3,1,1,3,4,5,5,3,3,4,3,4,3,3,4,1,1,1,3,2,3,10,Business & Society,5,"I have no ideas on the topic. To the extent I think about it, my guess is that using them would hurt student engagement."
410,39.946,-74.1581,1,3,2,1,4,3,3,3,1,1,1,1,1,4,4,4,3,3,3,2,3,3,3,3,3,3,1,3,3,3,5,5,5,5,3,3,3,3,3,3,2,2,3,2,2,3,2,4,3,,5,I have no idea. I just worry about personal security.
753,40.7099,-73.9591,4,2,1,5,2,2,1,1,1,1,1,1,3,5,2,4,2,2,4,2,4,2,5,3,2,2,4,4,4,4,2,5,5,5,2,3,3,3,4,4,5,5,2,2,1,1,1,4,7,,1,"I think it could be useful for developing new examples of established content, but I don't believe it can be used to generate truly novel or innovative teaching materials given that it only reifies whatever it was trained on"
291,40.852,-74.2842,4,4,4,5,5,4,4,4,4,4,4,4,5,5,5,5,5,5,5,5,5,4,5,5,3,4,4,4,4,3,3,4,4,3,3,3,3,2,2,4,3,3,5,5,5,2,2,4,1,,5,"I already use them in my writing program. Im using them to teach students what things ""do."" Rather than teaching how to ""say"" something. Im taking a Foucauldian approach. "
315,41.744,-74.1067,4,4,3,4,4,4,5,5,3,3,3,3,2,5,4,5,4,5,5,5,5,5,4,4,3,5,4,5,5,4,3,5,2,5,3,3,3,3,3,4,5,3,5,5,5,1,1,4,2,,3,"Generative AI skills are relevant to my Marketing students, so I am updating assignments to include components involving generative AI tools."
306,40.0351,-74.1107,5,5,4,5,5,4,3,4,2,3,1,2,4,3,4,4,4,5,5,2,4,4,3,2,2,3,5,5,5,5,5,5,5,5,3,3,1,4,2,1,4,1,4,4,4,1,3,2,1,,3,Relatable
106,40.7359,-73.9904,4,4,4,4,4,5,5,5,5,5,5,5,5,5,5,5,5,5,5,5,5,5,5,5,5,5,5,5,5,5,5,5,5,5,5,5,5,5,4,4,4,5,5,5,5,1,1,1,2,,1,
163,40.7359,-73.9904,3,4,2,3,3,4,4,4,3,3,3,3,4,4,4,4,4,4,4,4,4,3,4,3,3,4,3,3,3,3,4,3,4,4,4,4,3,4,3,3,4,4,4,4,4,1,2,1,2,,6,
218,40.7359,-73.9904,3,3,3,3,3,4,4,4,1,1,1,1,1,3,3,3,3,3,3,3,3,3,3,3,3,3,3,3,3,3,3,3,3,3,3,3,3,3,3,3,3,3,3,3,3,1,1,5,11,,1,I'm not sure
223,40.7359,-73.9904,4,4,3,4,4,4,4,4,3,1,3,1,3,4,3,4,4,4,4,4,4,4,4,4,4,4,4,4,4,4,3,4,4,5,4,4,1,1,4,1,4,4,3,3,3,1,2,5,2,,1,
226,40.7359,-73.9904,2,3,3,2,2,2,2,2,3,2,2,2,2,2,2,3,3,2,2,2,2,2,2,2,2,2,3,2,2,2,2,2,2,2,3,2,2,3,2,3,2,2,2,2,4,1,1,5,2,,1,
223,40.7359,-73.9904,4,4,3,4,5,3,3,1,3,3,3,3,3,2,2,2,2,1,1,1,3,1,1,1,1,1,3,3,3,3,3,3,3,3,3,3,3,3,3,3,3,3,3,3,3,5,2,5,11,,6,
226,40.7359,-73.9904,4,4,2,2,2,4,4,4,2,1,3,1,2,3,3,3,2,2,3,3,4,2,3,3,2,2,2,4,3,3,4,4,4,4,4,4,1,1,2,4,2,3,3,4,3,1,2,1,2,,1,
289,40.7359,-73.9904,1,4,1,1,3,4,3,4,1,1,1,1,1,3,3,3,3,4,3,3,4,4,4,4,4,4,3,3,3,3,4,4,4,4,3,4,2,2,3,2,2,2,3,3,2,1,1,1,2,,1,Could be useful to generate new ideas
338,40.7359,-73.9904,4,4,3,3,4,3,4,3,3,3,3,2,3,4,3,4,3,4,3,3,4,2,3,3,3,3,3,4,3,3,4,4,4,4,4,3,2,3,3,2,4,4,3,3,3,1,2,1,2,,1,Maybe
379,40.7359,-73.9904,4,4,3,3,3,5,5,5,5,5,5,5,5,4,4,4,5,5,5,5,5,5,5,5,5,5,4,5,4,4,2,1,1,1,5,5,5,5,3,1,3,2,5,5,5,1,2,5,7,,1,maximize education like notetaking
406,40.7961,-73.9513,1,2,1,1,1,3,4,4,1,1,1,1,1,1,1,1,3,4,3,4,3,2,3,3,3,3,3,3,3,2,1,1,2,3,2,3,4,3,2,2,,3,4,5,5,2,1,4,10,Social Impact,4,Not sure...
418,40.7359,-73.9904,4,5,4,5,5,5,4,4,1,1,1,1,4,4,4,5,3,3,4,3,3,3,4,3,3,3,4,5,4,4,1,1,4,5,3,3,1,4,4,1,5,5,5,5,5,5,4,5,2,,2,
442,40.7359,-73.9904,4,5,3,2,4,4,4,3,4,3,2,3,3,4,1,4,3,4,3,3,4,3,3,4,2,4,4,4,4,5,4,5,4,5,4,3,2,3,2,1,4,2,4,3,3,1,1,5,2,,6,
438,40.7359,-73.9904,4,4,3,4,3,5,4,5,1,1,4,2,4,4,4,5,4,4,4,5,4,4,4,4,4,5,4,4,4,4,4,5,4,4,4,5,4,4,2,2,2,2,4,4,4,1,2,1,2,,1,I think generative AI allows us to build on the world's collective knowledge and forgo barriers such as dense text or lack of proper explanations and the time it would take to find them
471,40.3292,-74.5691,4,5,4,3,4,5,5,5,5,5,5,5,5,5,5,5,5,5,5,5,5,5,5,5,5,5,4,4,4,4,2,1,2,2,3,5,1,5,3,1,2,3,5,5,5,1,1,5,2,,6,I think that it promotes the development of writing skills and the helps to improve the quality of work overall.
298,40.3592,-74.0634,4,4,4,4,4,4,4,5,2,3,3,4,4,4,4,4,4,4,4,4,4,4,4,5,3,4,4,5,5,1,5,3,3,5,3,4,4,3,4,1,4,4,5,5,5,1,1,4,2,,5,
513,40.7359,-73.9904,4,4,3,3,4,3,3,3,1,1,1,1,2,3,3,4,3,4,4,3,3,4,1,1,1,4,3,3,3,3,5,3,2,3,3,3,4,3,4,4,4,4,4,4,4,2,1,4,2,,5,"Students are interested in it, so effectively incorporating and embracing it generates engagement as we are all still learning how to integrate it into what we do."
1183,41.0817,-74.1863,2,1,1,4,4,4,3,4,1,1,1,1,1,4,3,4,3,4,3,4,4,3,3,3,3,4,3,3,3,3,4,3,4,4,4,4,4,3,4,2,4,4,4,4,4,2,2,4,7,,5,I think AI could be useful in generating discussion questions. 
1070,40.289,-74.0099,4,4,3,2,3,4,4,3,2,1,1,1,1,2,2,2,1,3,2,2,3,3,3,3,3,3,3,3,3,3,4,4,4,4,1,1,1,1,1,1,1,1,3,3,3,2,2,2,5,,3,
278,40.7359,-73.9904,4,3,4,2,4,2,1,1,2,1,2,1,2,2,1,2,1,1,1,1,2,1,3,1,1,2,3,4,2,2,5,5,5,5,4,4,4,3,3,3,4,2,4,4,4,1,1,4,7,,4,"I think it won't at all; over time, I think it's basically game-over for undergraduate education as we know it."
311,43.4437,-79.7564,4,4,4,2,5,3,4,4,1,1,2,1,1,4,2,4,3,5,4,4,4,4,3,3,2,1,2,3,2,2,1,3,4,5,3,3,2,4,1,1,4,2,3,4,4,2,2,4,2,,5,Yes
332,43.4437,-79.7564,4,3,3,2,4,3,2,2,1,1,1,2,1,1,2,4,2,3,2,2,3,4,4,4,2,2,3,3,3,2,2,4,4,4,1,2,1,1,4,2,3,4,4,4,4,2,1,4,2,,5,"As it relates to assignments, I think there may be a role for students to use AI as a tool to generate and refine interesting solutions.  But it would need to have strong guide rails and clear learning objectives as it relates to how ai was used by a student in preparing an assignment. "
339,41.3948,-73.3214,2,2,2,4,2,2,2,2,2,4,4,2,2,3,2,2,3,4,3,3,2,4,3,3,2,3,4,3,3,3,5,4,4,4,3,3,2,4,1,1,1,1,3,4,4,2,1,2,2,,3,
1238,40.488,-74.4544,4,4,2,2,4,4,4,2,3,3,1,1,4,5,5,4,3,4,5,3,4,4,1,1,1,4,4,4,3,2,1,2,2,4,2,2,2,2,2,4,4,4,4,4,4,3,2,2,7,,5,Be more prepared for discussions. (I teach 100% asynchronous online courses.) 
384,40.4172,-3.684,4,4,4,4,3,4,4,4,3,2,3,3,2,4,4,4,4,4,4,4,4,4,4,4,3,3,4,4,4,3,3,3,4,4,2,2,2,2,3,3,4,3,4,4,4,3,1,4,2,,5,
559,-41.314,173.2367,5,5,4,5,4,3,2,2,2,3,3,1,3,4,4,3,3,2,2,1,2,2,3,1,1,1,4,4,4,4,5,3,4,5,3,1,2,1,5,3,4,5,2,2,3,2,4,2,4,,5,
411,43.6514,-79.3851,5,4,3,4,4,4,3,4,3,4,4,3,4,4,4,4,4,4,4,4,3,4,3,2,3,4,4,2,2,2,3,3,2,2,4,4,2,4,2,2,4,4,4,4,4,3,1,4,2,,5,Asking them to use the tools in specific ways that link to my targeted learning outcomes 
778,40.6412,-74.9094,4,1,2,1,4,2,2,3,1,1,1,4,1,2,3,4,3,2,3,2,3,3,3,2,3,3,2,4,2,3,3,4,4,4,1,1,3,2,3,4,3,4,2,4,3,3,2,4,5,,5,The developmental stage of students in my class may facilitate themgetting more excited about learning with the use ofAI tools
458,39.7505,-75.3323,3,2,1,1,2,3,3,3,1,1,1,1,1,3,3,3,,4,3,3,4,4,4,4,4,4,2,2,2,2,4,5,4,4,3,3,3,3,2,1,1,2,4,4,4,2,2,4,2,,5,I think students are going to have to use AI tools in the workplace so it makes sense to start incorporating their use in the classroom to properly prepare our students for the careers they are entering. 
560,40.7021,-74.4049,5,5,5,4,4,4,5,5,3,3,4,3,4,5,4,5,4,5,5,5,5,5,5,5,4,4,4,4,4,4,4,3,2,2,3,3,3,3,4,4,4,4,5,5,5,3,1,2,2,,5,I believe that allowing students to use AI to prepare for class and then have them interact in class on a specific case study that will not be reviewed before hand. 
416,40.7869,-74.2535,2,2,2,2,5,1,1,1,1,1,1,1,1,2,3,3,1,1,1,1,1,1,1,1,1,1,2,2,2,5,5,5,5,5,1,1,1,1,2,3,3,3,1,1,1,2,2,4,1,,5,No. I have no interest in using Generative AI in my English classroom.
584,43.3309,-79.8872,4,4,3,3,3,4,5,5,3,4,4,3,4,3,3,4,4,4,4,4,4,4,4,3,3,3,4,4,4,4,3,5,3,5,3,3,3,4,3,2,5,3,4,4,4,3,1,4,2,,5,Going beyond the required learning materials
333,44.8554,-92.6308,4,5,4,3,4,5,5,4,4,2,3,2,3,4,3,4,4,4,3,4,4,4,4,4,2,3,4,4,3,3,5,5,4,5,3,4,3,3,4,2,4,3,5,5,5,1,2,4,2,,2,"I think it can alter discussions and conversations from being about ""What is this concept"" to more applied uses where AI can spit out the answer but the students have to use their own judgement on how to apply it."
366,43.2262,-79.8621,2,4,1,3,5,2,3,3,1,1,2,1,3,5,4,5,3,3,3,3,3,3,2,1,4,3,3,4,3,3,4,5,4,5,3,4,3,2,3,3,4,3,3,3,4,1,1,4,2,,4,Reducing language barriers and facilitating writing for non-native speakers
282,41.0911,-73.9199,5,4,4,4,5,1,2,2,1,1,1,1,2,3,1,3,3,4,3,3,1,1,1,1,1,3,3,3,3,3,5,5,5,5,1,1,1,1,3,3,3,3,1,1,1,3,2,4,1,,5,
527,39.7077,-75.1139,4,4,2,2,4,3,2,3,3,3,1,1,3,2,1,4,3,2,2,2,4,2,3,3,3,3,3,3,3,3,5,4,4,5,3,3,3,3,3,1,3,3,4,4,4,3,1,4,2,,5,
1936,40.7476,-74.2599,4,4,2,4,5,5,5,5,4,3,4,2,5,4,3,4,4,5,4,4,5,3,5,3,2,4,4,4,4,4,2,4,5,5,3,3,3,4,2,2,3,4,4,5,4,3,2,3,7,,5,Encourage them to use creative and critical thinking skills to come up with the right prompts
2158,43.6653,-79.4343,5,2,4,4,5,4,4,4,2,1,2,2,3,3,3,4,5,5,5,5,4,3,2,2,3,2,4,4,3,2,3,2,2,3,1,3,1,1,2,1,2,2,4,4,4,2,1,4,10,Philosophy within a business school,5,
367,40.7869,-74.2535,1,2,4,4,5,1,1,1,1,1,1,1,1,4,1,1,1,1,1,1,1,1,1,1,1,1,4,4,4,2,5,5,5,5,4,2,5,1,3,5,5,5,1,1,1,3,1,4,10,Earth Science; Remote Sensing ,5,No.
1058,40.7869,-74.2535,4,4,4,1,4,4,4,4,2,2,1,1,4,4,2,4,4,4,4,3,4,3,1,1,3,3,2,4,2,1,5,4,2,5,1,1,1,1,1,1,3,1,4,3,4,2,2,3,5,,5,Perhaps I can find ideas for stimulating discussion.
357,40.9735,-73.9607,4,4,4,3,3,5,5,5,4,2,4,3,2,3,3,4,5,5,5,5,5,5,5,5,1,5,5,5,5,4,5,5,5,5,3,4,3,3,4,4,2,2,5,5,5,1,2,4,2,,3,"I don't use the AI tools to enhance student engagement. I don't think it can significantly help the interaction or engagement with students. However, I use it mostly when I need to prepare for the teaching materials to get an idea or create any document such as assignment guideline to save my time. "
579,43.6752,-79.3472,4,2,2,4,4,4,4,4,3,2,3,1,3,5,4,2,4,5,4,4,4,4,4,2,3,4,4,4,4,4,5,5,5,4,4,5,3,4,5,1,5,4,4,4,4,2,1,4,2,,5,
405,40.8342,-74.1014,1,1,1,1,1,3,3,3,1,1,1,1,1,1,1,1,3,4,3,4,4,4,4,4,4,4,3,3,3,3,5,4,4,4,3,3,3,3,3,3,3,3,3,4,3,3,1,4,6,,5,
1913,40.8125,-74.2134,4,5,3,3,5,4,4,4,3,3,4,3,4,4,3,4,4,4,4,4,5,4,4,4,4,4,3,4,4,3,5,5,4,5,3,3,3,3,3,3,3,1,5,5,5,2,1,4,2,,5,"Generative AI tools are already built into many real world management tools. Thus, it's a simple reflection of reality."
441,40.7924,-74.0096,1,1,1,1,1,1,1,1,2,2,5,3,5,3,3,3,5,5,4,5,3,3,5,4,3,5,3,3,3,3,4,5,3,4,3,3,3,3,,,,,,,,5,4,5,11,,6,
374,34.2548,-118.588,4,4,4,2,4,3,3,3,1,1,1,1,2,3,4,4,3,3,4,3,3,3,4,3,3,3,4,4,3,3,4,4,4,4,3,3,2,2,2,2,2,2,2,2,2,3,1,4,4,,5,it is just another web search tool.
242,40.9451,-74.2531,5,5,5,5,5,5,5,5,3,3,3,3,3,5,5,5,5,5,5,5,5,5,5,5,5,5,5,5,5,5,4,3,2,3,3,3,3,3,3,3,3,3,5,5,5,3,1,4,2,,5,
426,40.9572,-74.1604,4,4,4,4,4,5,5,5,3,2,4,1,4,4,4,4,5,5,5,5,4,4,5,3,3,4,4,4,4,4,4,2,3,4,2,3,3,4,3,4,4,5,4,4,4,2,1,4,6,,5,completing coding tasks
558,34.1928,-118.4886,4,5,4,4,5,5,5,5,3,3,2,2,4,5,2,5,5,5,5,5,5,5,5,5,4,5,5,5,5,5,4,1,2,4,2,2,1,1,2,2,2,2,4,4,4,1,2,4,5,,4,"Students are already using Generative AI tools in their daily lives.  I think by bringing these tools into the classroom and demonstrating methods to use them to enhance productivity while maintaining originality of thought, it would enhance student interest in the material while also providing them with a guide on responsible use.  "
444,40.8022,-74.1914,2,2,2,1,4,3,2,2,1,2,1,1,1,4,3,2,2,2,2,1,3,3,3,3,2,3,3,,,,4,5,4,4,4,3,4,,3,3,3,3,4,4,4,2,1,4,6,,5,I don't know. I can't think of any. 
400,34.6038,-118.2295,5,5,5,4,5,5,5,5,4,3,3,3,3,4,4,4,4,4,5,4,4,5,4,4,5,4,4,5,4,4,5,4,5,5,5,5,3,5,3,4,3,4,4,5,5,1,1,4,4,,4,
244,43.1475,-87.905,4,5,4,4,5,4,5,5,4,3,4,3,4,5,5,5,4,3,3,3,5,4,4,4,4,4,4,5,5,4,3,4,3,4,3,3,3,3,2,3,4,5,5,5,5,2,1,4,2,,5,
787,40.7828,-73.9745,4,4,4,1,3,3,2,3,1,1,1,1,4,5,4,3,1,4,2,2,3,3,3,3,3,3,3,3,4,4,3,3,3,3,1,1,2,1,2,2,3,3,4,4,4,3,2,4,2,,5,
243,42.2705,-71.8447,4,5,2,2,2,4,4,4,4,4,4,2,4,3,2,4,4,4,4,4,4,4,4,3,4,4,3,3,3,3,5,3,3,3,5,5,5,5,3,3,3,3,5,5,5,5,2,4,11,,5,
428,42.3996,-71.1246,5,3,5,4,4,4,3,3,1,1,3,1,3,4,2,3,5,5,5,3,1,3,3,1,1,3,4,3,3,3,3,4,3,4,1,1,3,1,1,1,4,2,3,3,3,2,3,2,1,,5,
339,40.8125,-74.2134,4,4,4,3,4,1,3,2,3,1,1,1,1,3,3,4,3,2,2,1,4,3,1,1,1,1,3,3,3,3,2,3,4,3,2,2,3,2,2,2,2,2,3,2,3,2,1,4,3,,5,Help to author teaching materials such as a textbook
496,41.0105,-74.2074,4,4,4,4,4,3,3,2,3,2,3,2,3,4,4,4,3,4,4,3,3,2,4,2,2,3,4,4,4,4,5,5,5,5,4,4,4,4,2,1,2,1,4,4,4,3,1,4,2,,5,It is too early to tell.  It is interesting that you ask about 'engagement' as opposed to other uses (are they asked in subsequent sections?)
509,42.3181,-72.692,4,2,2,2,2,2,2,2,1,2,1,1,1,3,3,2,2,2,2,1,2,3,2,2,1,2,2,3,2,1,5,5,5,5,2,2,2,2,1,2,1,2,2,3,2,2,2,2,1,,5,"It might help them feel less worried about the mechanics of writing and spend more time on generating ideas. Then again, they might outsource idea-generation to AI as well, which means they wouldn't necessarily have to engage at all. "
652,42.2821,-71.8262,4,3,4,5,4,3,4,2,4,5,1,1,1,4,1,2,3,4,1,1,1,4,1,2,1,1,4,5,5,4,4,4,5,5,2,3,5,4,2,2,4,4,5,5,5,3,1,4,8,,5,"When the humans see how utterly stupid the machine is, they'll realize they are still valuable."
189,37.2602,-121.7709,1,1,1,1,5,4,1,1,1,1,1,1,1,1,1,1,1,1,1,1,1,1,1,1,1,1,1,1,1,1,5,4,4,5,3,1,3,4,1,1,1,1,1,1,1,2,4,5,11,,6,unsure
425,42.2705,-71.8447,4,5,5,5,5,4,3,4,2,3,3,2,4,5,5,5,4,3,5,4,4,4,3,3,4,4,3,3,3,2,5,2,4,5,4,4,5,2,4,4,5,5,5,5,5,3,1,4,1,,5,Students are already using them when feeling pressed for time. Using them responsibly and ethically will help them succeed at university and in their careers. 
574,38.6096,-121.4443,4,4,5,4,4,4,4,5,4,3,5,4,5,5,4,4,5,5,5,5,5,5,5,5,4,5,5,5,4,4,4,4,2,4,3,4,5,5,4,2,2,2,5,5,5,1,1,4,2,,3,It allows me to create more creative and engaging assignments
283,43.266,-79.9441,4,4,4,4,5,1,1,1,1,1,1,1,1,4,4,4,3,1,1,1,1,1,1,1,1,1,3,3,3,3,5,5,5,5,1,1,1,2,4,3,5,4,1,1,1,3,1,2,2,,5,"I am not sure it would enhance student engagement.  For now, it is like a bright, shiny toy - all flash and no substance."
543,42.2478,-73.754,2,2,2,2,3,3,3,3,1,1,2,1,1,4,4,4,3,3,3,3,4,3,4,3,3,3,3,3,3,3,4,3,4,4,2,1,1,1,2,1,1,1,3,3,3,2,2,2,10,Studio Art,5,"I think using it might be interesting for brainstorming and generating content to use in something like collage work where the content is being further manipulated after it is produced. I worry about using it because the visual AI tools seem to use material that is copyrighted, and therefore unethically sourced and used. It seems inappropriate to have students use these tools in my classes until some of these ethical issues are resolved."
537,35.2612,-80.8063,2,4,1,2,4,3,1,1,1,1,1,1,1,2,2,2,1,1,1,1,2,1,2,1,2,3,2,3,3,2,4,5,5,5,3,3,3,3,3,3,3,3,1,1,1,3,2,2,5,,5,I'm unsure.
612,40.432,-74.2004,1,3,1,4,4,4,4,3,1,1,2,1,1,4,3,4,3,4,3,4,4,4,4,3,2,4,3,3,3,3,5,5,4,5,2,3,3,3,1,1,1,1,3,4,3,2,2,4,1,,5,Generate new ideas & topics
276,40.2459,-74.2813,4,5,4,4,4,5,5,5,2,3,4,1,3,4,4,5,4,5,5,5,4,3,5,2,2,5,5,4,4,4,5,2,4,3,3,3,3,3,5,2,4,4,5,5,4,1,2,4,2,,4,
522,40.3496,-74.2849,4,4,1,3,4,4,4,4,2,2,3,3,3,2,2,2,3,4,4,5,4,4,5,3,3,4,3,4,3,2,4,4,5,5,3,4,2,2,2,1,1,1,4,4,4,2,2,4,2,,4,
3842,41.8502,-87.6736,2,4,1,4,4,3,2,1,1,1,1,1,2,4,3,1,1,2,1,2,2,3,1,1,2,2,3,3,2,2,5,4,5,3,1,1,2,2,3,1,3,3,1,1,1,3,1,4,2,,5,
393,40.8565,-74.1231,2,2,3,2,4,4,2,3,1,1,1,1,1,2,3,3,3,2,2,2,4,4,3,3,4,3,3,3,2,3,5,5,4,5,3,3,3,3,4,4,3,4,4,4,3,3,1,2,5,,5,"I am unsure-though I assume that would be the case, I need to research AI"
502,43.7466,-79.3517,4,4,3,3,4,4,4,4,1,1,2,1,2,4,3,3,4,4,3,4,3,3,3,1,1,1,3,4,3,4,3,4,3,4,3,3,1,1,1,1,3,2,1,4,3,1,1,4,2,,4,Not at all
212,39.2621,-119.9366,5,5,4,4,5,4,4,4,3,3,3,3,3,4,4,4,4,5,5,4,4,4,4,4,4,4,5,5,5,5,5,4,4,4,3,3,3,2,3,2,2,2,4,4,4,2,1,4,2,,4,
298,31.9555,35.9435,4,4,2,2,4,3,3,3,2,2,2,2,2,1,1,2,2,3,3,3,4,2,3,2,4,4,2,4,3,2,5,4,4,4,3,4,4,3,2,2,3,2,4,4,4,3,4,4,1,,5,Not sure. Need more practice myself.
423,40.7465,-73.909,4,4,4,4,5,5,5,5,3,4,2,2,2,4,4,4,4,4,5,5,5,5,2,2,4,3,4,4,4,4,4,1,2,4,1,3,3,3,5,5,5,1,5,5,5,1,2,4,3,,5,Students can be taught to use aI as a tool.
435,38.6142,-90.291,3,4,1,2,4,2,2,1,1,1,1,1,1,3,2,2,3,3,2,2,4,3,1,1,1,1,2,3,2,2,2,4,4,5,1,1,1,2,3,3,3,3,2,2,2,3,1,4,2,,5,
375,38.0004,-121.3105,2,2,2,2,4,3,3,3,1,1,1,1,1,5,4,3,3,4,3,3,3,3,3,3,3,4,3,3,3,2,4,4,4,4,1,1,1,1,4,4,3,4,3,3,3,2,1,2,7,,5,I do not have enough training or information to answer this question.
293,52.2296,21.0067,4,5,4,4,5,4,4,4,2,3,4,4,5,4,3,4,4,5,5,5,2,2,4,4,4,4,4,4,3,2,5,5,5,5,5,5,4,2,3,2,4,2,5,5,5,1,1,4,2,,5,
252,41.6941,-91.5939,4,4,4,4,4,4,5,5,3,3,1,1,3,5,5,5,5,5,4,5,4,4,3,3,4,4,4,4,5,4,4,4,4,5,3,3,3,4,5,5,5,5,5,5,5,2,1,4,2,,5,
183,41.923,-87.7531,3,4,4,4,2,4,5,4,1,1,3,2,2,2,2,2,3,4,2,3,3,3,4,2,1,2,2,3,2,3,1,2,2,2,3,3,5,3,2,4,3,4,4,4,2,2,1,4,2,,5,
376,40.112,-88.2365,4,4,2,2,3,4,4,4,3,3,2,2,3,3,3,4,3,3,3,3,4,4,2,2,3,4,4,4,3,3,5,3,3,5,3,3,3,3,3,3,1,2,4,4,4,2,2,4,2,,4,
425,41.923,-87.7531,3,4,3,2,3,4,4,4,3,1,3,2,3,2,2,2,4,4,4,4,3,3,4,3,3,4,3,3,3,2,4,1,2,2,3,3,4,3,2,1,2,2,4,3,4,3,4,2,11,,5,I'm not certain as I haven't tried it yet.   
426,40.251,-74.0504,5,5,5,5,4,5,5,5,4,4,4,2,5,5,5,5,5,5,5,5,5,5,4,2,2,5,5,5,5,5,3,1,1,4,3,3,3,3,5,1,1,5,5,5,5,3,1,2,1,,5,"I use them to generate graphics, patterns for test review, using audio, great for practicing language, which is my field."
344,29.5799,-95.6085,2,4,4,4,4,3,5,5,1,1,2,1,3,4,2,2,3,5,4,4,5,5,5,4,4,4,3,3,3,3,4,4,4,5,3,4,2,2,2,2,2,2,5,5,5,2,2,4,2,,5,
300,29.675,-95.486,4,4,4,4,4,4,5,4,3,3,3,1,3,2,2,4,3,4,4,4,3,3,4,2,3,4,4,4,4,4,5,5,5,5,3,2,4,2,4,4,4,4,5,5,5,1,1,4,2,,4,It's a tool that we should incorporate into our courses. It is something that our students will use in their futures--so ignoring it doesn't seem wise.
457,40.1047,-88.2062,4,4,4,3,4,4,4,4,3,3,3,3,3,3,3,3,3,3,3,3,4,3,3,4,5,4,4,4,4,4,3,3,4,4,3,3,3,3,3,3,4,3,4,4,4,2,1,2,2,,1,
292,41.9555,-87.6613,5,5,4,3,4,4,5,5,3,4,5,2,4,3,3,4,4,5,5,5,4,4,4,3,3,4,4,4,4,3,2,2,4,3,4,3,3,5,5,2,2,5,5,5,5,3,1,1,2,,3,case study chatbots; consistent essay grading.
420,41.7697,-87.6985,5,5,4,4,4,5,5,5,4,4,3,5,5,4,4,4,5,5,5,5,5,4,3,5,5,5,5,4,4,5,4,2,2,4,2,4,3,3,2,2,3,4,5,5,5,2,1,4,7,,5,
640,42.2917,-71.7858,4,4,4,2,3,3,4,4,3,3,3,3,3,4,3,4,4,4,4,4,4,3,3,4,4,4,4,4,3,2,4,4,4,5,2,2,2,2,2,4,3,3,4,4,4,1,1,4,7,,3,Students already are using genAI so incorporating them in class and helping students learn the promise and pitfalls could be a good start.
546,40.3942,-111.8483,5,4,4,4,4,5,5,5,4,4,3,4,5,4,4,5,5,5,5,5,5,5,4,5,4,5,5,4,4,4,2,2,2,4,3,4,5,5,5,5,5,5,5,5,5,2,1,4,2,,5,It can help them develop a preliminary response to a question if we gave them time to use it.
2029,40.112,-88.2365,4,5,5,3,4,5,5,5,2,4,3,3,5,4,4,4,3,4,3,4,4,5,3,3,3,4,4,4,4,4,4,4,4,5,,,,,,,,,,,,1,4,4,2,,4,
393,40.6657,-75.3364,4,4,3,3,4,4,4,4,3,2,2,1,3,4,4,4,3,4,4,4,4,3,2,2,4,4,4,4,4,2,4,2,2,4,3,4,3,4,4,3,4,4,4,4,4,2,2,4,8,,5,Creating activities and questions to assist student-centered learning
290,40.112,-88.2365,4,4,2,2,4,3,2,2,1,1,1,1,2,4,3,4,1,2,1,1,3,2,3,2,2,3,4,4,4,5,2,4,4,1,3,1,1,3,4,4,4,4,1,1,1,1,2,3,2,,3,
179,41.6622,-91.5149,5,5,4,4,5,5,5,5,4,4,4,4,4,4,4,4,5,5,5,5,5,5,5,5,5,5,4,4,4,4,4,3,4,5,3,4,4,4,5,4,4,4,5,5,5,2,1,2,2,,5,As a place to start the conversation
426,43.0421,-87.936,5,5,5,2,4,2,4,3,2,1,3,1,3,5,5,5,4,3,3,3,2,2,3,2,1,4,5,5,4,4,5,4,4,5,1,1,3,4,2,1,4,5,2,2,2,3,1,3,2,,5,Spur instructor focus on more value-added assignments and in-class activities
91383,40.8342,-74.1014,1,1,1,1,1,1,1,1,2,2,3,2,5,5,4,4,5,5,5,5,4,4,4,5,4,4,5,5,4,4,5,4,4,4,2,3,2,2,4,2,1,2,3,4,4,1,1,4,4,,3,The use of Generative AI tools in teaching can enhance student engagement in the classroom by providing personalized learning experiences and interactive content that caters to individual learning styles.
488,29.7738,-95.406,4,4,4,4,4,4,5,5,2,5,1,3,1,4,4,4,3,4,3,3,2,4,3,3,3,3,4,4,4,2,1,1,2,4,4,2,3,3,4,1,5,4,4,4,4,3,2,2,2,,3,Students writing strongly benefits from their use of AI.  
268369,41.7415,-87.5962,4,4,4,3,4,5,5,4,4,5,4,5,4,4,3,4,4,5,4,4,4,4,4,5,4,5,4,5,5,4,4,3,3,4,3,3,3,4,3,2,3,3,4,4,4,1,1,4,4,,3,
550,41.6622,-91.5149,3,4,3,4,4,2,2,2,1,1,1,1,1,4,2,3,1,1,1,1,3,2,1,1,2,1,3,3,3,3,5,5,5,5,4,3,4,4,3,2,4,4,1,1,1,1,2,4,4,,4,"To me, one of the best uses for Gen AI that I've seen other instructors incorporate into their classes are exercises that demonstrate its limitations. For instance, use Gen AI to write code (Python, SQL, etc.) answering a prompt, then analyze that code and see what it got correct/incorrect, then dig deeper to determine why it got certain elements incorrect. Did it miss context that a human would have understood? Did we provide an ambiguous prompt? Has it learned ""bad"" solutions from previous interactions that are carrying forward? This type of activity encourages students to think critically about Gen AI in specific as well as emerging technology in general."
90375,41.6622,-91.5149,5,5,5,5,5,5,5,5,5,5,5,5,5,5,5,5,5,5,5,5,5,5,5,5,5,5,4,4,4,4,4,3,4,5,4,5,5,4,4,4,5,5,5,5,5,1,1,4,2,,5,Chatbots that students can interact with.  The chatbots can have specific purposes
305,40.1016,-88.2822,4,4,5,3,4,5,5,4,3,3,2,3,3,3,4,4,3,3,3,3,5,3,3,3,4,4,3,3,3,3,4,2,3,3,4,4,3,3,3,4,3,4,5,5,5,1,2,4,7,,2,connect them with real life examples; prepare them for future workplace
336,40.073,-88.1706,4,4,3,2,2,5,5,4,2,1,3,4,4,3,2,2,4,3,4,4,4,4,4,4,4,4,2,2,1,1,5,2,3,4,,,,,,,,,,,,3,1,2,2,,5,
338,29.6865,-95.4337,4,4,4,3,4,4,5,5,1,1,1,4,1,4,5,5,4,5,4,4,3,3,3,4,1,4,4,4,3,3,2,4,3,4,3,3,3,4,4,2,4,4,4,4,4,3,1,3,2,,5,It can serve as a starting point for generating ideas on how to address problems in the business aspects of healthcare.
375,37.9681,-122.5119,4,4,3,4,4,4,5,5,5,4,4,1,4,4,2,4,5,5,5,5,5,5,5,3,5,5,4,4,2,4,5,1,2,4,1,4,1,1,1,1,1,1,5,5,5,3,2,4,2,,5,"Help them expand their thinking about a topic, helping them evaluate their answers to questions, helping them find information on a topic...etc."
309,37.3897,-122.0832,4,4,4,4,4,4,4,5,3,3,4,3,4,4,2,4,4,4,4,5,4,4,4,4,4,4,4,3,3,4,4,2,5,4,3,3,4,3,4,2,3,2,4,4,4,3,2,4,7,,5,"Make it more fun for students; give them fun group activities to do in class; help them get ""un-stuck"" when they're at a loss and/or too anxious to start an assignment"
236,40.7667,-74.0311,5,5,4,5,5,5,5,5,5,5,4,5,5,4,5,5,5,4,4,4,5,5,4,3,5,5,5,5,5,5,4,5,1,2,5,5,5,5,4,2,5,4,5,5,5,1,2,4,2,,4,Create a better prompt for discussion questions; Revise the instructions and rubrics; Make the PPT slide contents more concise
